ImageID,label
0,284
1,12
2,324
3,197
4,165
5,100
6,118
7,122
8,294
9,80
10,14
11,320
12,204
13,124
14,285
15,34
16,115
17,134
18,339
19,164
20,230
21,182
22,167
23,350
24,130
25,115
26,159
27,349
28,95
29,338
30,112
31,319
32,238
33,323
34,239
35,299
36,121
37,340
38,43
39,21
40,26
41,34
42,9
43,8
44,276
45,326
46,341
47,239
48,267
49,188
50,324
51,199
52,105
53,256
54,36
55,59
56,295
57,33
58,292
59,32
60,293
61,188
62,118
63,322
64,337
65,12
66,67
67,212
68,250
69,244
70,178
71,311
72,107
73,80
74,114
75,50
76,2
77,115
78,10
79,100
80,334
81,222
82,242
83,274
84,100
85,90
86,219
87,114
88,208
89,304
90,136
91,347
92,65
93,120
94,30
95,92
96,9
97,311
98,182
99,116
100,106
101,349
102,35
103,306
104,107
105,31
106,66
107,52
108,83
109,156
110,256
111,289
112,64
113,213
114,283
115,133
116,115
117,298
118,29
119,39
120,282
121,319
122,263
123,117
124,285
125,213
126,162
127,155
128,289
129,147
130,148
131,108
132,114
133,145
134,136
135,309
136,54
137,314
138,242
139,299
140,126
141,322
142,157
143,331
144,313
145,49
146,16
147,335
148,40
149,259
150,250
151,247
152,257
153,335
154,262
155,330
156,79
157,160
158,57
159,46
160,13
161,50
162,22
163,53
164,340
165,283
166,18
167,165
168,305
169,148
170,138
171,204
172,69
173,101
174,331
175,188
176,306
177,74
178,100
179,187
180,159
181,128
182,265
183,113
184,142
185,252
186,126
187,316
188,195
189,185
190,235
191,139
192,171
193,36
194,235
195,265
196,335
197,345
198,200
199,136
200,330
201,51
202,211
203,334
204,140
205,129
206,264
207,233
208,355
209,131
210,23
211,171
212,308
213,101
214,132
215,13
216,246
217,210
218,224
219,333
220,43
221,67
222,248
223,75
224,267
225,35
226,160
227,252
228,245
229,107
230,221
231,31
232,238
233,30
234,177
235,218
236,120
237,176
238,223
239,347
240,299
241,304
242,157
243,31
244,13
245,348
246,135
247,65
248,62
249,288
250,187
251,47
252,141
253,338
254,165
255,198
256,186
257,347
258,311
259,332
260,296
261,262
262,113
263,170
264,97
265,259
266,276
267,81
268,280
269,326
270,33
271,149
272,60
273,236
274,175
275,88
276,97
277,336
278,147
279,351
280,94
281,27
282,343
283,347
284,198
285,73
286,350
287,160
288,323
289,222
290,327
291,156
292,154
293,153
294,188
295,342
296,212
297,285
298,302
299,227
300,91
301,345
302,253
303,16
304,226
305,181
306,150
307,249
308,109
309,253
310,352
311,78
312,256
313,155
314,317
315,229
316,25
317,105
318,248
319,248
320,211
321,222
322,264
323,9
324,320
325,337
326,23
327,203
328,245
329,359
330,313
331,199
332,4
333,245
334,311
335,122
336,95
337,210
338,275
339,163
340,266
341,40
342,195
343,32
344,74
345,329
346,174
347,233
348,24
349,101
350,140
351,200
352,155
353,225
354,123
355,207
356,258
357,309
358,328
359,355
360,332
361,122
362,69
363,345
364,207
365,348
366,280
367,298
368,248
369,125
370,210
371,343
372,61
373,338
374,189
375,124
376,259
377,34
378,302
379,213
380,265
381,318
382,126
383,301
384,148
385,197
386,125
387,53
388,205
389,360
390,72
391,120
392,273
393,200
394,66
395,257
396,252
397,108
398,11
399,123
400,270
401,218
402,227
403,257
404,239
405,270
406,274
407,45
408,42
409,197
410,319
411,197
412,228
413,23
414,329
415,57
416,225
417,67
418,339
419,19
420,108
421,261
422,300
423,119
424,55
425,33
426,8
427,52
428,176
429,266
430,83
431,268
432,112
433,65
434,218
435,333
436,6
437,249
438,275
439,85
440,139
441,306
442,247
443,78
444,332
445,70
446,6
447,55
448,76
449,215
450,130
451,21
452,108
453,345
454,163
455,227
456,238
457,40
458,291
459,272
460,27
461,243
462,22
463,43
464,353
465,262
466,87
467,304
468,274
469,307
470,190
471,355
472,71
473,253
474,79
475,91
476,249
477,327
478,95
479,103
480,12
481,152
482,158
483,115
484,52
485,1
486,249
487,264
488,13
489,337
490,153
491,232
492,67
493,62
494,143
495,288
496,36
497,28
498,69
499,304
500,316
501,21
502,245
503,200
504,44
505,47
506,147
507,161
508,125
509,184
510,114
511,201
512,276
513,302
514,178
515,79
516,341
517,269
518,115
519,278
520,98
521,331
522,319
523,254
524,279
525,176
526,174
527,111
528,175
529,143
530,205
531,218
532,102
533,300
534,146
535,167
536,146
537,234
538,243
539,280
540,181
541,95
542,244
543,193
544,351
545,257
546,174
547,256
548,112
549,97
550,112
551,291
552,124
553,238
554,234
555,341
556,37
557,306
558,98
559,186
560,133
561,17
562,262
563,257
564,193
565,269
566,182
567,300
568,359
569,156
570,118
571,246
572,121
573,149
574,61
575,298
576,175
577,88
578,221
579,312
580,212
581,278
582,191
583,292
584,28
585,180
586,65
587,161
588,161
589,271
590,191
591,329
592,34
593,94
594,281
595,287
596,282
597,297
598,184
599,323
600,151
601,150
602,45
603,24
604,240
605,202
606,194
607,84
608,116
609,45
610,22
611,194
612,350
613,309
614,17
615,198
616,306
617,210
618,329
619,285
620,251
621,321
622,357
623,161
624,266
625,292
626,72
627,239
628,248
629,110
630,42
631,99
632,222
633,23
634,71
635,287
636,91
637,298
638,3
639,300
640,14
641,61
642,260
643,129
644,242
645,241
646,358
647,186
648,340
649,153
650,202
651,170
652,203
653,162
654,52
655,60
656,200
657,149
658,291
659,330
660,131
661,263
662,278
663,59
664,24
665,261
666,77
667,105
668,84
669,94
670,59
671,325
672,197
673,222
674,264
675,82
676,283
677,224
678,81
679,331
680,107
681,18
682,30
683,174
684,334
685,217
686,25
687,118
688,215
689,14
690,91
691,11
692,289
693,18
694,16
695,219
696,352
697,121
698,89
699,78
700,105
701,2
702,360
703,197
704,304
705,142
706,60
707,128
708,69
709,10
710,316
711,70
712,49
713,216
714,285
715,278
716,277
717,117
718,7
719,3
720,36
721,201
722,200
723,259
724,291
725,27
726,81
727,58
728,199
729,49
730,63
731,102
732,182
733,292
734,152
735,209
736,3
737,116
738,269
739,56
740,209
741,298
742,33
743,213
744,290
745,156
746,356
747,170
748,107
749,77
750,291
751,256
752,74
753,77
754,274
755,106
756,162
757,345
758,256
759,3
760,128
761,314
762,154
763,54
764,260
765,181
766,38
767,200
768,298
769,131
770,333
771,80
772,133
773,155
774,30
775,241
776,158
777,146
778,338
779,102
780,356
781,185
782,310
783,205
784,126
785,160
786,91
787,270
788,265
789,70
790,35
791,73
792,142
793,117
794,132
795,230
796,207
797,50
798,295
799,81
800,216
801,135
802,62
803,226
804,68
805,78
806,277
807,72
808,142
809,165
810,94
811,288
812,111
813,66
814,294
815,96
816,320
817,226
818,334
819,355
820,188
821,154
822,331
823,217
824,132
825,264
826,12
827,172
828,75
829,194
830,320
831,358
832,74
833,61
834,57
835,211
836,251
837,340
838,171
839,181
840,56
841,158
842,118
843,249
844,348
845,152
846,250
847,225
848,284
849,298
850,156
851,28
852,353
853,242
854,256
855,183
856,202
857,344
858,244
859,50
860,160
861,318
862,342
863,281
864,16
865,285
866,169
867,99
868,101
869,75
870,286
871,284
872,244
873,1
874,263
875,241
876,355
877,250
878,309
879,44
880,53
881,162
882,57
883,105
884,268
885,70
886,293
887,319
888,260
889,21
890,140
891,109
892,34
893,183
894,348
895,140
896,332
897,110
898,24
899,332
900,186
901,349
902,138
903,319
904,335
905,121
906,136
907,13
908,44
909,137
910,296
911,337
912,137
913,243
914,191
915,106
916,95
917,351
918,342
919,58
920,153
921,35
922,340
923,329
924,86
925,123
926,276
927,244
928,232
929,156
930,125
931,52
932,250
933,352
934,301
935,160
936,26
937,227
938,339
939,305
940,97
941,226
942,283
943,354
944,255
945,3
946,110
947,220
948,350
949,290
950,11
951,259
952,275
953,37
954,79
955,301
956,354
957,82
958,43
959,285
960,338
961,23
962,230
963,279
964,140
965,269
966,341
967,107
968,35
969,257
970,185
971,41
972,153
973,115
974,198
975,45
976,69
977,151
978,343
979,358
980,162
981,188
982,345
983,239
984,186
985,19
986,166
987,17
988,240
989,109
990,38
991,301
992,237
993,219
994,200
995,311
996,102
997,355
998,296
999,260
1000,195
1001,49
1002,91
1003,257
1004,91
1005,268
1006,180
1007,316
1008,120
1009,273
1010,209
1011,129
1012,12
1013,29
1014,135
1015,146
1016,326
1017,231
1018,29
1019,203
1020,69
1021,287
1022,15
1023,25
1024,128
1025,312
1026,321
1027,17
1028,334
1029,251
1030,8
1031,155
1032,234
1033,108
1034,153
1035,83
1036,21
1037,203
1038,178
1039,135
1040,22
1041,291
1042,144
1043,219
1044,195
1045,353
1046,149
1047,39
1048,171
1049,126
1050,130
1051,274
1052,172
1053,59
1054,309
1055,180
1056,290
1057,21
1058,252
1059,349
1060,87
1061,139
1062,253
1063,217
1064,88
1065,58
1066,309
1067,359
1068,343
1069,77
1070,230
1071,216
1072,210
1073,64
1074,178
1075,7
1076,28
1077,141
1078,88
1079,272
1080,286
1081,324
1082,33
1083,298
1084,127
1085,206
1086,229
1087,304
1088,248
1089,266
1090,149
1091,286
1092,182
1093,357
1094,225
1095,245
1096,47
1097,329
1098,67
1099,13
1100,353
1101,27
1102,209
1103,188
1104,359
1105,304
1106,202
1107,240
1108,272
1109,162
1110,111
1111,14
1112,51
1113,245
1114,140
1115,302
1116,341
1117,120
1118,202
1119,72
1120,144
1121,57
1122,54
1123,323
1124,20
1125,227
1126,293
1127,190
1128,174
1129,265
1130,48
1131,216
1132,120
1133,224
1134,313
1135,138
1136,169
1137,280
1138,216
1139,14
1140,231
1141,89
1142,336
1143,302
1144,202
1145,229
1146,32
1147,68
1148,84
1149,288
1150,313
1151,208
1152,295
1153,58
1154,218
1155,104
1156,171
1157,305
1158,226
1159,101
1160,32
1161,26
1162,51
1163,127
1164,157
1165,62
1166,314
1167,229
1168,82
1169,128
1170,163
1171,134
1172,345
1173,210
1174,160
1175,214
1176,182
1177,177
1178,226
1179,61
1180,216
1181,197
1182,336
1183,162
1184,110
1185,5
1186,18
1187,55
1188,169
1189,201
1190,328
1191,83
1192,187
1193,228
1194,340
1195,162
1196,222
1197,231
1198,222
1199,171
1200,292
1201,356
1202,185
1203,182
1204,119
1205,209
1206,322
1207,347
1208,110
1209,23
1210,95
1211,63
1212,125
1213,198
1214,83
1215,223
1216,97
1217,158
1218,45
1219,352
1220,85
1221,66
1222,193
1223,23
1224,183
1225,24
1226,252
1227,92
1228,160
1229,142
1230,33
1231,100
1232,315
1233,262
1234,56
1235,196
1236,44
1237,23
1238,79
1239,159
1240,295
1241,5
1242,233
1243,185
1244,48
1245,120
1246,332
1247,101
1248,201
1249,88
1250,12
1251,169
1252,311
1253,260
1254,13
1255,131
1256,195
1257,73
1258,218
1259,74
1260,13
1261,176
1262,56
1263,282
1264,348
1265,125
1266,153
1267,105
1268,266
1269,24
1270,162
1271,173
1272,138
1273,308
1274,46
1275,198
1276,247
1277,47
1278,236
1279,189
1280,227
1281,247
1282,77
1283,262
1284,94
1285,195
1286,292
1287,272
1288,245
1289,122
1290,232
1291,357
1292,96
1293,159
1294,101
1295,82
1296,49
1297,321
1298,62
1299,93
1300,24
1301,192
1302,133
1303,126
1304,94
1305,94
1306,187
1307,289
1308,135
1309,349
1310,273
1311,93
1312,59
1313,217
1314,279
1315,194
1316,10
1317,342
1318,234
1319,294
1320,69
1321,70
1322,30
1323,244
1324,100
1325,267
1326,116
1327,172
1328,59
1329,332
1330,109
1331,194
1332,81
1333,167
1334,138
1335,62
1336,226
1337,35
1338,342
1339,360
1340,15
1341,255
1342,40
1343,294
1344,31
1345,48
1346,84
1347,82
1348,17
1349,183
1350,286
1351,231
1352,90
1353,36
1354,289
1355,154
1356,344
1357,268
1358,65
1359,291
1360,173
1361,178
1362,213
1363,243
1364,279
1365,159
1366,235
1367,303
1368,104
1369,87
1370,259
1371,229
1372,334
1373,190
1374,344
1375,219
1376,246
1377,321
1378,239
1379,149
1380,22
1381,215
1382,324
1383,251
1384,132
1385,258
1386,31
1387,337
1388,329
1389,125
1390,267
1391,298
1392,254
1393,352
1394,174
1395,294
1396,334
1397,135
1398,69
1399,25
1400,62
1401,329
1402,280
1403,78
1404,35
1405,32
1406,300
1407,196
1408,119
1409,216
1410,150
1411,175
1412,206
1413,304
1414,202
1415,326
1416,243
1417,239
1418,172
1419,288
1420,244
1421,200
1422,320
1423,249
1424,91
1425,105
1426,262
1427,330
1428,275
1429,323
1430,110
1431,105
1432,341
1433,27
1434,187
1435,16
1436,222
1437,253
1438,355
1439,358
1440,223
1441,89
1442,175
1443,127
1444,75
1445,13
1446,28
1447,71
1448,85
1449,7
1450,228
1451,277
1452,234
1453,31
1454,128
1455,227
1456,280
1457,88
1458,137
1459,53
1460,334
1461,32
1462,102
1463,10
1464,136
1465,45
1466,92
1467,232
1468,338
1469,3
1470,285
1471,245
1472,6
1473,347
1474,114
1475,335
1476,284
1477,277
1478,121
1479,187
1480,184
1481,247
1482,155
1483,337
1484,227
1485,140
1486,159
1487,284
1488,303
1489,192
1490,71
1491,239
1492,326
1493,16
1494,129
1495,302
1496,358
1497,263
1498,326
1499,152
1500,127
1501,104
1502,79
1503,1
1504,33
1505,93
1506,30
1507,18
1508,174
1509,200
1510,271
1511,185
1512,82
1513,23
1514,335
1515,257
1516,3
1517,274
1518,102
1519,344
1520,266
1521,219
1522,14
1523,130
1524,73
1525,1
1526,36
1527,24
1528,109
1529,305
1530,95
1531,66
1532,315
1533,283
1534,271
1535,130
1536,167
1537,204
1538,82
1539,302
1540,222
1541,32
1542,358
1543,156
1544,159
1545,357
1546,356
1547,80
1548,129
1549,263
1550,292
1551,3
1552,189
1553,333
1554,98
1555,274
1556,74
1557,80
1558,334
1559,303
1560,276
1561,289
1562,118
1563,348
1564,273
1565,263
1566,83
1567,109
1568,117
1569,145
1570,105
1571,155
1572,157
1573,235
1574,130
1575,73
1576,350
1577,243
1578,126
1579,345
1580,202
1581,300
1582,86
1583,112
1584,56
1585,178
1586,263
1587,38
1588,340
1589,201
1590,262
1591,45
1592,334
1593,138
1594,183
1595,205
1596,215
1597,276
1598,253
1599,287
1600,33
1601,77
1602,173
1603,267
1604,196
1605,245
1606,309
1607,305
1608,336
1609,4
1610,313
1611,147
1612,219
1613,182
1614,41
1615,43
1616,304
1617,209
1618,280
1619,154
1620,4
1621,355
1622,338
1623,100
1624,195
1625,297
1626,10
1627,52
1628,55
1629,173
1630,321
1631,162
1632,315
1633,67
1634,312
1635,344
1636,312
1637,326
1638,300
1639,140
1640,149
1641,55
1642,132
1643,331
1644,60
1645,318
1646,139
1647,54
1648,79
1649,252
1650,165
1651,197
1652,359
1653,73
1654,238
1655,79
1656,220
1657,6
1658,40
1659,271
1660,240
1661,207
1662,230
1663,305
1664,317
1665,247
1666,282
1667,353
1668,250
1669,144
1670,9
1671,166
1672,198
1673,186
1674,170
1675,264
1676,60
1677,110
1678,271
1679,89
1680,22
1681,76
1682,34
1683,114
1684,358
1685,171
1686,240
1687,96
1688,325
1689,272
1690,2
1691,105
1692,26
1693,65
1694,358
1695,215
1696,113
1697,217
1698,301
1699,351
1700,88
1701,51
1702,253
1703,286
1704,348
1705,191
1706,253
1707,99
1708,92
1709,249
1710,141
1711,272
1712,153
1713,293
1714,216
1715,35
1716,59
1717,243
1718,292
1719,248
1720,137
1721,47
1722,345
1723,102
1724,220
1725,114
1726,76
1727,309
1728,76
1729,266
1730,333
1731,23
1732,264
1733,257
1734,5
1735,174
1736,34
1737,357
1738,320
1739,355
1740,18
1741,184
1742,299
1743,175
1744,215
1745,223
1746,55
1747,320
1748,340
1749,153
1750,65
1751,147
1752,7
1753,101
1754,315
1755,339
1756,298
1757,272
1758,317
1759,219
1760,136
1761,168
1762,134
1763,76
1764,343
1765,114
1766,162
1767,271
1768,296
1769,222
1770,130
1771,201
1772,26
1773,33
1774,116
1775,74
1776,19
1777,92
1778,2
1779,58
1780,236
1781,293
1782,264
1783,281
1784,106
1785,329
1786,213
1787,158
1788,260
1789,154
1790,160
1791,190
1792,233
1793,161
1794,215
1795,75
1796,328
1797,245
1798,161
1799,94
1800,80
1801,62
1802,198
1803,80
1804,313
1805,219
1806,121
1807,82
1808,321
1809,135
1810,321
1811,258
1812,117
1813,193
1814,332
1815,168
1816,45
1817,100
1818,313
1819,236
1820,82
1821,127
1822,292
1823,234
1824,44
1825,198
1826,303
1827,177
1828,113
1829,42
1830,35
1831,277
1832,219
1833,303
1834,255
1835,315
1836,330
1837,275
1838,250
1839,315
1840,124
1841,267
1842,133
1843,113
1844,76
1845,282
1846,184
1847,318
1848,80
1849,186
1850,149
1851,44
1852,225
1853,7
1854,296
1855,336
1856,237
1857,34
1858,58
1859,327
1860,207
1861,128
1862,43
1863,316
1864,121
1865,194
1866,360
1867,65
1868,108
1869,240
1870,225
1871,153
1872,199
1873,304
1874,171
1875,27
1876,344
1877,205
1878,166
1879,56
1880,51
1881,188
1882,318
1883,233
1884,37
1885,274
1886,187
1887,359
1888,248
1889,106
1890,219
1891,214
1892,28
1893,175
1894,190
1895,239
1896,9
1897,263
1898,158
1899,309
1900,142
1901,82
1902,148
1903,77
1904,284
1905,323
1906,178
1907,305
1908,205
1909,245
1910,267
1911,16
1912,84
1913,279
1914,286
1915,226
1916,146
1917,222
1918,2
1919,148
1920,169
1921,108
1922,53
1923,341
1924,237
1925,220
1926,129
1927,13
1928,275
1929,59
1930,58
1931,179
1932,285
1933,24
1934,49
1935,198
1936,97
1937,317
1938,101
1939,166
1940,61
1941,264
1942,48
1943,32
1944,199
1945,214
1946,115
1947,157
1948,69
1949,273
1950,40
1951,352
1952,63
1953,345
1954,317
1955,257
1956,74
1957,108
1958,166
1959,320
1960,279
1961,37
1962,2
1963,273
1964,286
1965,347
1966,164
1967,23
1968,323
1969,26
1970,249
1971,29
1972,278
1973,221
1974,130
1975,103
1976,90
1977,160
1978,311
1979,144
1980,61
1981,360
1982,21
1983,237
1984,156
1985,241
1986,102
1987,154
1988,49
1989,242
1990,175
1991,83
1992,59
1993,15
1994,39
1995,28
1996,256
1997,348
1998,318
1999,34
2000,244
2001,288
2002,15
2003,145
2004,264
2005,82
2006,165
2007,42
2008,237
2009,105
2010,37
2011,256
2012,297
2013,345
2014,157
2015,222
2016,61
2017,178
2018,228
2019,353
2020,285
2021,241
2022,116
2023,261
2024,253
2025,190
2026,220
2027,141
2028,89
2029,351
2030,252
2031,103
2032,237
2033,166
2034,150
2035,89
2036,308
2037,201
2038,172
2039,141
2040,302
2041,314
2042,11
2043,43
2044,75
2045,278
2046,64
2047,153
2048,305
2049,60
2050,152
2051,259
2052,194
2053,267
2054,120
2055,289
2056,180
2057,45
2058,317
2059,230
2060,351
2061,46
2062,308
2063,246
2064,38
2065,48
2066,337
2067,247
2068,163
2069,266
2070,38
2071,141
2072,325
2073,231
2074,85
2075,241
2076,341
2077,188
2078,98
2079,161
2080,164
2081,44
2082,327
2083,320
2084,107
2085,106
2086,1
2087,33
2088,347
2089,165
2090,231
2091,63
2092,226
2093,113
2094,66
2095,72
2096,285
2097,103
2098,116
2099,280
2100,263
2101,187
2102,281
2103,180
2104,1
2105,295
2106,188
2107,261
2108,48
2109,329
2110,283
2111,213
2112,277
2113,41
2114,286
2115,41
2116,319
2117,316
2118,132
2119,38
2120,58
2121,272
2122,122
2123,354
2124,149
2125,185
2126,293
2127,93
2128,89
2129,154
2130,97
2131,147
2132,249
2133,243
2134,129
2135,14
2136,131
2137,278
2138,97
2139,315
2140,42
2141,112
2142,56
2143,313
2144,210
2145,74
2146,184
2147,105
2148,158
2149,343
2150,347
2151,280
2152,176
2153,333
2154,69
2155,189
2156,32
2157,88
2158,311
2159,57
2160,42
2161,106
2162,356
2163,262
2164,170
2165,146
2166,283
2167,193
2168,61
2169,137
2170,278
2171,94
2172,40
2173,317
2174,48
2175,291
2176,107
2177,209
2178,249
2179,175
2180,27
2181,195
2182,200
2183,92
2184,334
2185,197
2186,269
2187,46
2188,112
2189,286
2190,8
2191,189
2192,152
2193,190
2194,112
2195,302
2196,183
2197,17
2198,245
2199,40
2200,353
2201,287
2202,71
2203,214
2204,166
2205,347
2206,217
2207,311
2208,74
2209,197
2210,137
2211,313
2212,46
2213,171
2214,314
2215,303
2216,113
2217,113
2218,8
2219,25
2220,172
2221,278
2222,83
2223,308
2224,162
2225,157
2226,116
2227,91
2228,11
2229,64
2230,294
2231,325
2232,335
2233,290
2234,20
2235,73
2236,322
2237,8
2238,95
2239,297
2240,247
2241,213
2242,59
2243,354
2244,42
2245,290
2246,348
2247,103
2248,211
2249,359
2250,215
2251,260
2252,48
2253,61
2254,250
2255,158
2256,350
2257,67
2258,250
2259,274
2260,52
2261,130
2262,316
2263,73
2264,36
2265,69
2266,308
2267,103
2268,353
2269,125
2270,256
2271,278
2272,183
2273,134
2274,281
2275,33
2276,41
2277,97
2278,170
2279,288
2280,66
2281,137
2282,31
2283,244
2284,360
2285,38
2286,91
2287,154
2288,215
2289,55
2290,275
2291,346
2292,141
2293,241
2294,122
2295,302
2296,77
2297,125
2298,216
2299,69
2300,262
2301,340
2302,157
2303,211
2304,306
2305,35
2306,238
2307,54
2308,295
2309,345
2310,322
2311,217
2312,147
2313,44
2314,263
2315,123
2316,145
2317,170
2318,335
2319,196
2320,294
2321,224
2322,323
2323,212
2324,281
2325,206
2326,58
2327,143
2328,328
2329,284
2330,50
2331,347
2332,296
2333,338
2334,203
2335,59
2336,223
2337,207
2338,359
2339,24
2340,84
2341,90
2342,250
2343,243
2344,346
2345,37
2346,149
2347,97
2348,360
2349,301
2350,125
2351,11
2352,165
2353,189
2354,92
2355,176
2356,360
2357,72
2358,234
2359,176
2360,347
2361,293
2362,331
2363,134
2364,183
2365,91
2366,100
2367,5
2368,7
2369,26
2370,240
2371,199
2372,208
2373,90
2374,212
2375,71
2376,157
2377,129
2378,60
2379,91
2380,276
2381,219
2382,73
2383,13
2384,244
2385,254
2386,27
2387,152
2388,79
2389,262
2390,16
2391,296
2392,107
2393,328
2394,214
2395,354
2396,106
2397,14
2398,48
2399,108
2400,24
2401,71
2402,78
2403,83
2404,101
2405,213
2406,13
2407,191
2408,65
2409,8
2410,319
2411,104
2412,152
2413,263
2414,154
2415,223
2416,88
2417,178
2418,219
2419,273
2420,224
2421,332
2422,111
2423,49
2424,265
2425,274
2426,60
2427,124
2428,166
2429,268
2430,322
2431,250
2432,191
2433,104
2434,254
2435,316
2436,309
2437,357
2438,339
2439,200
2440,57
2441,118
2442,298
2443,93
2444,209
2445,39
2446,188
2447,234
2448,130
2449,152
2450,272
2451,53
2452,345
2453,109
2454,52
2455,84
2456,50
2457,240
2458,188
2459,19
2460,272
2461,328
2462,257
2463,315
2464,113
2465,329
2466,180
2467,45
2468,129
2469,149
2470,288
2471,152
2472,273
2473,163
2474,166
2475,246
2476,21
2477,159
2478,76
2479,23
2480,205
2481,295
2482,20
2483,3
2484,185
2485,307
2486,194
2487,88
2488,171
2489,4
2490,321
2491,154
2492,35
2493,238
2494,198
2495,189
2496,201
2497,130
2498,94
2499,43
2500,108
2501,260
2502,313
2503,12
2504,173
2505,35
2506,162
2507,147
2508,229
2509,352
2510,258
2511,264
2512,243
2513,239
2514,343
2515,152
2516,48
2517,196
2518,193
2519,70
2520,26
2521,20
2522,146
2523,192
2524,278
2525,136
2526,242
2527,301
2528,278
2529,167
2530,197
2531,317
2532,337
2533,295
2534,11
2535,260
2536,184
2537,264
2538,329
2539,240
2540,38
2541,70
2542,185
2543,38
2544,344
2545,116
2546,277
2547,357
2548,175
2549,33
2550,255
2551,140
2552,274
2553,135
2554,27
2555,308
2556,91
2557,23
2558,174
2559,25
2560,127
2561,262
2562,302
2563,179
2564,231
2565,106
2566,52
2567,104
2568,309
2569,103
2570,320
2571,154
2572,73
2573,206
2574,220
2575,189
2576,179
2577,4
2578,62
2579,297
2580,39
2581,243
2582,187
2583,107
2584,123
2585,7
2586,152
2587,16
2588,197
2589,129
2590,191
2591,285
2592,156
2593,254
2594,34
2595,145
2596,271
2597,141
2598,147
2599,44
2600,194
2601,187
2602,250
2603,36
2604,331
2605,89
2606,344
2607,314
2608,230
2609,223
2610,319
2611,14
2612,11
2613,188
2614,78
2615,326
2616,203
2617,241
2618,212
2619,64
2620,116
2621,166
2622,194
2623,196
2624,237
2625,301
2626,63
2627,33
2628,80
2629,205
2630,220
2631,17
2632,251
2633,266
2634,71
2635,310
2636,180
2637,166
2638,118
2639,178
2640,257
2641,277
2642,231
2643,71
2644,15
2645,31
2646,104
2647,18
2648,236
2649,192
2650,269
2651,219
2652,217
2653,328
2654,240
2655,273
2656,135
2657,290
2658,96
2659,310
2660,41
2661,34
2662,353
2663,43
2664,298
2665,96
2666,273
2667,20
2668,182
2669,213
2670,206
2671,329
2672,167
2673,53
2674,273
2675,31
2676,146
2677,276
2678,180
2679,189
2680,201
2681,137
2682,139
2683,155
2684,123
2685,142
2686,94
2687,281
2688,138
2689,188
2690,344
2691,44
2692,176
2693,217
2694,89
2695,29
2696,58
2697,204
2698,54
2699,32
2700,88
2701,100
2702,116
2703,47
2704,107
2705,22
2706,16
2707,212
2708,122
2709,261
2710,42
2711,130
2712,65
2713,333
2714,40
2715,246
2716,258
2717,48
2718,41
2719,32
2720,180
2721,279
2722,3
2723,265
2724,359
2725,53
2726,6
2727,345
2728,331
2729,185
2730,289
2731,200
2732,80
2733,302
2734,2
2735,276
2736,256
2737,324
2738,35
2739,77
2740,255
2741,63
2742,191
2743,222
2744,227
2745,341
2746,339
2747,18
2748,2
2749,255
2750,330
2751,173
2752,291
2753,83
2754,208
2755,113
2756,276
2757,210
2758,79
2759,285
2760,339
2761,201
2762,280
2763,219
2764,243
2765,125
2766,196
2767,59
2768,326
2769,336
2770,99
2771,170
2772,230
2773,34
2774,76
2775,140
2776,246
2777,243
2778,104
2779,240
2780,99
2781,166
2782,291
2783,290
2784,282
2785,65
2786,53
2787,285
2788,47
2789,334
2790,289
2791,293
2792,360
2793,128
2794,5
2795,190
2796,206
2797,191
2798,168
2799,339
2800,75
2801,356
2802,12
2803,90
2804,242
2805,213
2806,128
2807,340
2808,128
2809,126
2810,333
2811,225
2812,92
2813,3
2814,35
2815,279
2816,177
2817,93
2818,50
2819,359
2820,223
2821,226
2822,239
2823,345
2824,231
2825,76
2826,96
2827,353
2828,128
2829,230
2830,235
2831,36
2832,327
2833,21
2834,356
2835,256
2836,304
2837,45
2838,328
2839,111
2840,89
2841,260
2842,229
2843,124
2844,60
2845,235
2846,16
2847,175
2848,39
2849,2
2850,306
2851,147
2852,159
2853,140
2854,201
2855,333
2856,144
2857,295
2858,74
2859,194
2860,173
2861,162
2862,76
2863,273
2864,345
2865,25
2866,94
2867,160
2868,314
2869,254
2870,151
2871,350
2872,177
2873,291
2874,310
2875,170
2876,136
2877,130
2878,350
2879,271
2880,276
2881,163
2882,207
2883,356
2884,48
2885,116
2886,351
2887,334
2888,144
2889,163
2890,286
2891,329
2892,245
2893,274
2894,175
2895,163
2896,239
2897,91
2898,40
2899,289
2900,238
2901,41
2902,208
2903,134
2904,68
2905,41
2906,352
2907,37
2908,182
2909,40
2910,311
2911,321
2912,320
2913,69
2914,250
2915,333
2916,330
2917,260
2918,97
2919,135
2920,120
2921,222
2922,217
2923,350
2924,195
2925,347
2926,191
2927,300
2928,90
2929,325
2930,115
2931,98
2932,129
2933,89
2934,4
2935,25
2936,206
2937,21
2938,155
2939,230
2940,182
2941,11
2942,344
2943,65
2944,36
2945,157
2946,298
2947,40
2948,213
2949,106
2950,116
2951,64
2952,78
2953,195
2954,110
2955,215
2956,34
2957,160
2958,83
2959,44
2960,11
2961,251
2962,141
2963,224
2964,227
2965,23
2966,94
2967,278
2968,73
2969,66
2970,43
2971,144
2972,297
2973,67
2974,255
2975,126
2976,14
2977,343
2978,59
2979,53
2980,11
2981,96
2982,90
2983,243
2984,162
2985,40
2986,94
2987,125
2988,170
2989,247
2990,323
2991,148
2992,124
2993,41
2994,18
2995,84
2996,151
2997,23
2998,206
2999,320
3000,115
3001,91
3002,19
3003,33
3004,296
3005,302
3006,203
3007,206
3008,318
3009,147
3010,300
3011,111
3012,212
3013,276
3014,188
3015,240
3016,209
3017,291
3018,241
3019,151
3020,276
3021,183
3022,72
3023,52
3024,46
3025,205
3026,268
3027,226
3028,72
3029,220
3030,238
3031,92
3032,154
3033,63
3034,116
3035,239
3036,28
3037,124
3038,331
3039,116
3040,280
3041,223
3042,292
3043,275
3044,96
3045,342
3046,109
3047,90
3048,349
3049,278
3050,196
3051,177
3052,175
3053,145
3054,63
3055,74
3056,54
3057,267
3058,49
3059,89
3060,121
3061,97
3062,231
3063,304
3064,95
3065,160
3066,104
3067,159
3068,319
3069,121
3070,155
3071,18
3072,187
3073,23
3074,6
3075,70
3076,209
3077,138
3078,224
3079,213
3080,5
3081,105
3082,41
3083,193
3084,292
3085,342
3086,10
3087,188
3088,297
3089,354
3090,35
3091,137
3092,92
3093,86
3094,357
3095,44
3096,341
3097,231
3098,291
3099,223
3100,111
3101,49
3102,2
3103,329
3104,19
3105,127
3106,188
3107,306
3108,192
3109,96
3110,258
3111,141
3112,92
3113,177
3114,25
3115,233
3116,311
3117,340
3118,124
3119,40
3120,168
3121,279
3122,35
3123,139
3124,37
3125,105
3126,170
3127,134
3128,119
3129,124
3130,168
3131,301
3132,119
3133,316
3134,267
3135,291
3136,304
3137,83
3138,231
3139,344
3140,274
3141,31
3142,305
3143,332
3144,347
3145,331
3146,166
3147,10
3148,217
3149,309
3150,340
3151,345
3152,300
3153,150
3154,115
3155,174
3156,292
3157,185
3158,121
3159,117
3160,278
3161,75
3162,12
3163,88
3164,139
3165,149
3166,47
3167,130
3168,298
3169,161
3170,103
3171,58
3172,32
3173,157
3174,274
3175,319
3176,149
3177,353
3178,163
3179,238
3180,183
3181,260
3182,251
3183,43
3184,279
3185,330
3186,135
3187,54
3188,264
3189,196
3190,226
3191,172
3192,132
3193,40
3194,309
3195,121
3196,304
3197,254
3198,144
3199,160
3200,175
3201,201
3202,326
3203,78
3204,323
3205,157
3206,42
3207,331
3208,339
3209,254
3210,44
3211,295
3212,136
3213,141
3214,252
3215,133
3216,353
3217,60
3218,41
3219,121
3220,292
3221,348
3222,352
3223,214
3224,319
3225,28
3226,137
3227,354
3228,320
3229,258
3230,105
3231,253
3232,91
3233,272
3234,91
3235,297
3236,300
3237,253
3238,326
3239,335
3240,298
3241,268
3242,350
3243,339
3244,360
3245,131
3246,80
3247,41
3248,22
3249,354
3250,5
3251,86
3252,148
3253,63
3254,33
3255,58
3256,191
3257,57
3258,88
3259,82
3260,311
3261,173
3262,124
3263,219
3264,337
3265,83
3266,339
3267,91
3268,230
3269,132
3270,256
3271,173
3272,245
3273,273
3274,249
3275,245
3276,83
3277,342
3278,326
3279,164
3280,293
3281,249
3282,83
3283,268
3284,245
3285,78
3286,276
3287,256
3288,40
3289,128
3290,28
3291,53
3292,310
3293,62
3294,126
3295,141
3296,249
3297,122
3298,1
3299,220
3300,70
3301,251
3302,61
3303,10
3304,164
3305,298
3306,136
3307,132
3308,34
3309,70
3310,319
3311,243
3312,325
3313,219
3314,311
3315,342
3316,262
3317,294
3318,71
3319,343
3320,84
3321,165
3322,235
3323,53
3324,338
3325,65
3326,260
3327,20
3328,1
3329,155
3330,226
3331,300
3332,292
3333,329
3334,60
3335,256
3336,11
3337,312
3338,352
3339,130
3340,32
3341,57
3342,28
3343,170
3344,209
3345,46
3346,54
3347,140
3348,265
3349,311
3350,97
3351,338
3352,6
3353,165
3354,212
3355,209
3356,155
3357,317
3358,42
3359,105
3360,311
3361,210
3362,263
3363,64
3364,23
3365,78
3366,331
3367,90
3368,297
3369,214
3370,48
3371,68
3372,338
3373,163
3374,341
3375,263
3376,311
3377,247
3378,309
3379,232
3380,91
3381,358
3382,130
3383,340
3384,188
3385,280
3386,218
3387,136
3388,316
3389,283
3390,170
3391,205
3392,234
3393,94
3394,206
3395,341
3396,135
3397,176
3398,109
3399,180
3400,332
3401,283
3402,162
3403,54
3404,28
3405,168
3406,87
3407,139
3408,155
3409,151
3410,64
3411,101
3412,45
3413,131
3414,105
3415,295
3416,79
3417,73
3418,12
3419,355
3420,114
3421,114
3422,334
3423,219
3424,69
3425,234
3426,345
3427,55
3428,156
3429,68
3430,290
3431,202
3432,279
3433,141
3434,92
3435,242
3436,3
3437,36
3438,229
3439,25
3440,91
3441,301
3442,345
3443,337
3444,77
3445,278
3446,134
3447,149
3448,51
3449,141
3450,104
3451,199
3452,53
3453,16
3454,204
3455,348
3456,14
3457,277
3458,287
3459,173
3460,150
3461,317
3462,238
3463,173
3464,194
3465,142
3466,307
3467,154
3468,203
3469,148
3470,70
3471,259
3472,132
3473,290
3474,169
3475,353
3476,225
3477,116
3478,134
3479,331
3480,326
3481,16
3482,116
3483,124
3484,307
3485,83
3486,13
3487,98
3488,158
3489,101
3490,73
3491,327
3492,211
3493,354
3494,117
3495,68
3496,174
3497,141
3498,140
3499,317
3500,29
3501,18
3502,157
3503,166
3504,16
3505,278
3506,277
3507,21
3508,155
3509,221
3510,283
3511,327
3512,57
3513,12
3514,196
3515,9
3516,183
3517,65
3518,328
3519,312
3520,130
3521,115
3522,354
3523,66
3524,303
3525,275
3526,144
3527,256
3528,238
3529,69
3530,112
3531,69
3532,242
3533,21
3534,25
3535,133
3536,163
3537,89
3538,280
3539,190
3540,88
3541,351
3542,197
3543,106
3544,118
3545,297
3546,125
3547,71
3548,228
3549,178
3550,71
3551,104
3552,217
3553,212
3554,338
3555,343
3556,264
3557,19
3558,134
3559,97
3560,3
3561,210
3562,110
3563,221
3564,285
3565,72
3566,81
3567,32
3568,173
3569,92
3570,186
3571,7
3572,47
3573,332
3574,60
3575,156
3576,224
3577,312
3578,115
3579,182
3580,283
3581,180
3582,77
3583,121
3584,8
3585,261
3586,327
3587,281
3588,194
3589,352
3590,140
3591,102
3592,209
3593,353
3594,107
3595,258
3596,191
3597,122
3598,200
3599,17
3600,26
3601,177
3602,228
3603,340
3604,37
3605,159
3606,145
3607,167
3608,186
3609,98
3610,162
3611,193
3612,236
3613,336
3614,250
3615,253
3616,41
3617,325
3618,360
3619,226
3620,183
3621,9
3622,138
3623,224
3624,262
3625,228
3626,218
3627,353
3628,205
3629,41
3630,45
3631,337
3632,320
3633,52
3634,142
3635,111
3636,240
3637,340
3638,66
3639,213
3640,275
3641,312
3642,79
3643,114
3644,98
3645,149
3646,181
3647,349
3648,145
3649,213
3650,270
3651,266
3652,273
3653,315
3654,126
3655,120
3656,61
3657,282
3658,115
3659,182
3660,144
3661,174
3662,289
3663,85
3664,280
3665,338
3666,219
3667,186
3668,113
3669,43
3670,38
3671,169
3672,158
3673,242
3674,139
3675,354
3676,72
3677,134
3678,271
3679,145
3680,163
3681,204
3682,199
3683,59
3684,142
3685,242
3686,260
3687,201
3688,186
3689,175
3690,156
3691,135
3692,272
3693,257
3694,139
3695,146
3696,217
3697,257
3698,162
3699,148
3700,94
3701,210
3702,123
3703,102
3704,36
3705,339
3706,160
3707,82
3708,267
3709,325
3710,320
3711,255
3712,61
3713,172
3714,165
3715,269
3716,213
3717,102
3718,67
3719,229
3720,326
3721,129
3722,164
3723,10
3724,181
3725,194
3726,310
3727,107
3728,246
3729,206
3730,74
3731,105
3732,214
3733,276
3734,309
3735,319
3736,190
3737,307
3738,155
3739,209
3740,289
3741,173
3742,294
3743,39
3744,73
3745,273
3746,171
3747,356
3748,323
3749,326
3750,94
3751,188
3752,185
3753,282
3754,217
3755,62
3756,37
3757,37
3758,34
3759,197
3760,208
3761,137
3762,25
3763,26
3764,17
3765,357
3766,276
3767,217
3768,288
3769,150
3770,161
3771,151
3772,266
3773,326
3774,87
3775,253
3776,359
3777,227
3778,354
3779,212
3780,23
3781,182
3782,250
3783,219
3784,277
3785,178
3786,242
3787,305
3788,130
3789,310
3790,9
3791,231
3792,178
3793,256
3794,264
3795,323
3796,327
3797,69
3798,289
3799,69
3800,85
3801,188
3802,281
3803,259
3804,8
3805,242
3806,131
3807,21
3808,318
3809,274
3810,308
3811,228
3812,278
3813,327
3814,114
3815,356
3816,68
3817,301
3818,316
3819,207
3820,353
3821,147
3822,37
3823,127
3824,146
3825,197
3826,336
3827,172
3828,265
3829,116
3830,140
3831,75
3832,312
3833,212
3834,6
3835,218
3836,126
3837,228
3838,289
3839,334
3840,212
3841,168
3842,347
3843,280
3844,261
3845,181
3846,88
3847,211
3848,320
3849,201
3850,53
3851,45
3852,169
3853,267
3854,289
3855,318
3856,301
3857,194
3858,41
3859,356
3860,218
3861,197
3862,142
3863,297
3864,109
3865,226
3866,88
3867,342
3868,198
3869,260
3870,139
3871,318
3872,344
3873,162
3874,123
3875,71
3876,291
3877,199
3878,241
3879,8
3880,36
3881,323
3882,88
3883,113
3884,266
3885,279
3886,63
3887,154
3888,125
3889,50
3890,219
3891,224
3892,136
3893,43
3894,324
3895,351
3896,35
3897,65
3898,117
3899,36
3900,153
3901,259
3902,357
3903,129
3904,135
3905,70
3906,349
3907,346
3908,153
3909,109
3910,111
3911,149
3912,259
3913,198
3914,331
3915,52
3916,348
3917,338
3918,25
3919,20
3920,150
3921,337
3922,10
3923,182
3924,18
3925,110
3926,5
3927,225
3928,213
3929,82
3930,307
3931,304
3932,20
3933,179
3934,38
3935,179
3936,156
3937,270
3938,172
3939,274
3940,224
3941,302
3942,243
3943,86
3944,237
3945,315
3946,64
3947,310
3948,346
3949,282
3950,353
3951,163
3952,148
3953,349
3954,45
3955,182
3956,351
3957,184
3958,168
3959,271
3960,343
3961,351
3962,299
3963,19
3964,297
3965,8
3966,104
3967,152
3968,4
3969,176
3970,281
3971,240
3972,157
3973,32
3974,227
3975,286
3976,148
3977,257
3978,273
3979,137
3980,271
3981,246
3982,125
3983,88
3984,34
3985,62
3986,250
3987,127
3988,23
3989,47
3990,302
3991,324
3992,350
3993,272
3994,174
3995,159
3996,278
3997,71
3998,297
3999,315
4000,52
4001,31
4002,104
4003,47
4004,55
4005,64
4006,53
4007,149
4008,117
4009,321
4010,273
4011,275
4012,238
4013,113
4014,20
4015,271
4016,346
4017,143
4018,137
4019,143
4020,131
4021,359
4022,13
4023,338
4024,327
4025,309
4026,12
4027,73
4028,143
4029,1
4030,210
4031,327
4032,351
4033,349
4034,269
4035,40
4036,93
4037,345
4038,350
4039,318
4040,56
4041,118
4042,290
4043,214
4044,1
4045,168
4046,31
4047,68
4048,78
4049,140
4050,350
4051,48
4052,37
4053,272
4054,39
4055,119
4056,222
4057,352
4058,153
4059,95
4060,74
4061,300
4062,143
4063,77
4064,245
4065,82
4066,167
4067,176
4068,285
4069,315
4070,70
4071,251
4072,280
4073,169
4074,196
4075,253
4076,73
4077,1
4078,135
4079,252
4080,50
4081,344
4082,309
4083,244
4084,339
4085,80
4086,98
4087,238
4088,228
4089,191
4090,19
4091,267
4092,10
4093,2
4094,205
4095,260
4096,161
4097,146
4098,268
4099,313
4100,52
4101,59
4102,17
4103,94
4104,338
4105,148
4106,54
4107,317
4108,163
4109,19
4110,82
4111,225
4112,290
4113,76
4114,254
4115,202
4116,100
4117,83
4118,8
4119,162
4120,240
4121,299
4122,355
4123,21
4124,232
4125,348
4126,147
4127,149
4128,348
4129,287
4130,351
4131,22
4132,4
4133,23
4134,148
4135,315
4136,219
4137,95
4138,20
4139,341
4140,163
4141,322
4142,39
4143,6
4144,124
4145,158
4146,162
4147,208
4148,184
4149,81
4150,96
4151,246
4152,360
4153,220
4154,184
4155,38
4156,186
4157,268
4158,183
4159,107
4160,231
4161,241
4162,72
4163,304
4164,274
4165,169
4166,94
4167,90
4168,252
4169,271
4170,16
4171,192
4172,139
4173,106
4174,115
4175,330
4176,261
4177,54
4178,151
4179,59
4180,86
4181,227
4182,314
4183,100
4184,60
4185,290
4186,67
4187,51
4188,102
4189,135
4190,174
4191,262
4192,44
4193,299
4194,236
4195,275
4196,105
4197,200
4198,273
4199,346
4200,60
4201,350
4202,140
4203,148
4204,296
4205,273
4206,12
4207,59
4208,253
4209,147
4210,114
4211,145
4212,118
4213,197
4214,113
4215,143
4216,150
4217,136
4218,348
4219,60
4220,94
4221,310
4222,119
4223,301
4224,107
4225,257
4226,33
4227,290
4228,28
4229,245
4230,284
4231,341
4232,60
4233,158
4234,61
4235,51
4236,290
4237,89
4238,110
4239,153
4240,184
4241,185
4242,354
4243,300
4244,93
4245,39
4246,5
4247,187
4248,148
4249,89
4250,256
4251,322
4252,219
4253,261
4254,138
4255,91
4256,17
4257,16
4258,100
4259,181
4260,137
4261,308
4262,229
4263,158
4264,79
4265,262
4266,100
4267,350
4268,202
4269,227
4270,258
4271,87
4272,176
4273,96
4274,337
4275,360
4276,61
4277,253
4278,334
4279,115
4280,83
4281,227
4282,277
4283,216
4284,139
4285,117
4286,315
4287,286
4288,347
4289,78
4290,20
4291,319
4292,305
4293,252
4294,273
4295,38
4296,357
4297,205
4298,105
4299,65
4300,135
4301,69
4302,247
4303,226
4304,39
4305,320
4306,351
4307,350
4308,22
4309,2
4310,121
4311,253
4312,172
4313,40
4314,331
4315,139
4316,73
4317,274
4318,45
4319,124
4320,341
4321,179
4322,95
4323,32
4324,77
4325,335
4326,325
4327,102
4328,36
4329,273
4330,323
4331,319
4332,166
4333,265
4334,352
4335,21
4336,253
4337,189
4338,255
4339,107
4340,161
4341,212
4342,156
4343,9
4344,128
4345,149
4346,325
4347,80
4348,285
4349,29
4350,207
4351,312
4352,226
4353,238
4354,184
4355,255
4356,232
4357,347
4358,310
4359,242
4360,204
4361,356
4362,126
4363,283
4364,324
4365,185
4366,18
4367,42
4368,70
4369,179
4370,175
4371,313
4372,353
4373,100
4374,153
4375,132
4376,49
4377,43
4378,276
4379,299
4380,81
4381,28
4382,141
4383,71
4384,275
4385,10
4386,286
4387,276
4388,90
4389,242
4390,60
4391,72
4392,171
4393,312
4394,172
4395,258
4396,143
4397,214
4398,22
4399,31
4400,30
4401,102
4402,86
4403,226
4404,184
4405,268
4406,356
4407,304
4408,153
4409,353
4410,324
4411,218
4412,314
4413,134
4414,155
4415,294
4416,9
4417,220
4418,306
4419,290
4420,277
4421,207
4422,298
4423,357
4424,359
4425,320
4426,201
4427,261
4428,217
4429,110
4430,198
4431,320
4432,100
4433,309
4434,269
4435,76
4436,306
4437,243
4438,167
4439,155
4440,174
4441,333
4442,129
4443,4
4444,96
4445,332
4446,150
4447,194
4448,355
4449,77
4450,205
4451,202
4452,305
4453,20
4454,325
4455,252
4456,285
4457,314
4458,247
4459,291
4460,30
4461,243
4462,126
4463,277
4464,338
4465,287
4466,191
4467,159
4468,227
4469,300
4470,151
4471,218
4472,170
4473,348
4474,49
4475,348
4476,119
4477,90
4478,286
4479,174
4480,36
4481,227
4482,38
4483,228
4484,233
4485,358
4486,122
4487,157
4488,320
4489,290
4490,65
4491,174
4492,308
4493,131
4494,174
4495,90
4496,60
4497,62
4498,229
4499,336
4500,338
4501,139
4502,6
4503,297
4504,94
4505,351
4506,334
4507,244
4508,327
4509,171
4510,338
4511,169
4512,184
4513,35
4514,94
4515,100
4516,85
4517,227
4518,156
4519,312
4520,86
4521,126
4522,197
4523,62
4524,203
4525,15
4526,308
4527,210
4528,360
4529,92
4530,143
4531,150
4532,112
4533,241
4534,88
4535,216
4536,163
4537,295
4538,87
4539,59
4540,346
4541,196
4542,341
4543,110
4544,126
4545,87
4546,135
4547,195
4548,130
4549,159
4550,267
4551,347
4552,200
4553,257
4554,199
4555,248
4556,351
4557,125
4558,174
4559,97
4560,187
4561,338
4562,64
4563,247
4564,244
4565,202
4566,20
4567,204
4568,1
4569,2
4570,148
4571,47
4572,13
4573,247
4574,340
4575,87
4576,336
4577,349
4578,273
4579,3
4580,182
4581,1
4582,175
4583,292
4584,26
4585,269
4586,226
4587,288
4588,129
4589,150
4590,199
4591,45
4592,160
4593,236
4594,327
4595,26
4596,254
4597,250
4598,241
4599,47
4600,84
4601,170
4602,195
4603,47
4604,88
4605,197
4606,274
4607,336
4608,233
4609,70
4610,207
4611,29
4612,54
4613,66
4614,206
4615,328
4616,72
4617,185
4618,252
4619,184
4620,351
4621,49
4622,341
4623,310
4624,86
4625,171
4626,262
4627,334
4628,194
4629,224
4630,133
4631,39
4632,29
4633,243
4634,281
4635,42
4636,88
4637,299
4638,249
4639,215
4640,248
4641,214
4642,199
4643,81
4644,73
4645,337
4646,66
4647,160
4648,245
4649,70
4650,105
4651,294
4652,258
4653,41
4654,154
4655,285
4656,153
4657,348
4658,237
4659,185
4660,355
4661,196
4662,352
4663,116
4664,44
4665,168
4666,72
4667,257
4668,168
4669,284
4670,125
4671,162
4672,174
4673,27
4674,109
4675,198
4676,154
4677,294
4678,195
4679,143
4680,289
4681,335
4682,125
4683,228
4684,49
4685,322
4686,155
4687,115
4688,266
4689,72
4690,152
4691,214
4692,264
4693,61
4694,94
4695,339
4696,286
4697,137
4698,314
4699,146
4700,45
4701,109
4702,227
4703,358
4704,340
4705,163
4706,114
4707,316
4708,51
4709,262
4710,187
4711,311
4712,80
4713,245
4714,348
4715,50
4716,83
4717,289
4718,176
4719,97
4720,48
4721,306
4722,49
4723,180
4724,321
4725,129
4726,207
4727,251
4728,124
4729,276
4730,1
4731,126
4732,216
4733,308
4734,106
4735,336
4736,303
4737,64
4738,37
4739,286
4740,336
4741,30
4742,316
4743,268
4744,183
4745,193
4746,265
4747,281
4748,1
4749,88
4750,185
4751,247
4752,94
4753,124
4754,282
4755,355
4756,213
4757,40
4758,315
4759,70
4760,138
4761,198
4762,169
4763,185
4764,341
4765,199
4766,316
4767,272
4768,61
4769,253
4770,332
4771,88
4772,160
4773,323
4774,339
4775,61
4776,147
4777,26
4778,287
4779,15
4780,230
4781,176
4782,223
4783,253
4784,84
4785,149
4786,304
4787,138
4788,59
4789,56
4790,81
4791,305
4792,133
4793,312
4794,111
4795,176
4796,246
4797,235
4798,221
4799,231
4800,253
4801,307
4802,20
4803,216
4804,269
4805,25
4806,174
4807,295
4808,228
4809,6
4810,77
4811,37
4812,293
4813,188
4814,189
4815,155
4816,242
4817,23
4818,227
4819,319
4820,319
4821,140
4822,89
4823,25
4824,18
4825,316
4826,238
4827,348
4828,281
4829,246
4830,358
4831,257
4832,354
4833,2
4834,51
4835,74
4836,186
4837,130
4838,338
4839,209
4840,298
4841,310
4842,279
4843,119
4844,308
4845,297
4846,34
4847,91
4848,216
4849,173
4850,284
4851,212
4852,235
4853,120
4854,89
4855,352
4856,330
4857,185
4858,319
4859,128
4860,266
4861,259
4862,2
4863,150
4864,206
4865,79
4866,331
4867,206
4868,165
4869,197
4870,119
4871,346
4872,126
4873,101
4874,131
4875,310
4876,83
4877,218
4878,204
4879,156
4880,93
4881,208
4882,49
4883,326
4884,105
4885,90
4886,267
4887,3
4888,346
4889,332
4890,317
4891,310
4892,37
4893,273
4894,211
4895,111
4896,328
4897,266
4898,286
4899,48
4900,96
4901,303
4902,127
4903,329
4904,68
4905,248
4906,76
4907,263
4908,230
4909,246
4910,355
4911,150
4912,134
4913,294
4914,205
4915,220
4916,258
4917,232
4918,283
4919,70
4920,223
4921,31
4922,50
4923,272
4924,267
4925,6
4926,163
4927,284
4928,289
4929,287
4930,303
4931,296
4932,128
4933,76
4934,110
4935,186
4936,65
4937,113
4938,90
4939,239
4940,110
4941,20
4942,47
4943,147
4944,291
4945,98
4946,352
4947,228
4948,12
4949,137
4950,134
4951,242
4952,172
4953,189
4954,214
4955,184
4956,279
4957,60
4958,173
4959,79
4960,57
4961,197
4962,310
4963,250
4964,57
4965,50
4966,127
4967,62
4968,294
4969,148
4970,230
4971,76
4972,223
4973,215
4974,141
4975,210
4976,300
4977,327
4978,64
4979,184
4980,137
4981,335
4982,140
4983,173
4984,86
4985,354
4986,155
4987,206
4988,190
4989,328
4990,34
4991,39
4992,135
4993,335
4994,251
4995,297
4996,261
4997,160
4998,153
4999,33
5000,175
5001,84
5002,189
5003,141
5004,235
5005,21
5006,183
5007,268
5008,238
5009,193
5010,32
5011,244
5012,153
5013,24
5014,210
5015,69
5016,195
5017,211
5018,62
5019,103
5020,53
5021,113
5022,141
5023,58
5024,1
5025,281
5026,261
5027,284
5028,261
5029,196
5030,76
5031,234
5032,333
5033,28
5034,291
5035,333
5036,194
5037,176
5038,21
5039,110
5040,17
5041,30
5042,20
5043,15
5044,137
5045,171
5046,161
5047,141
5048,146
5049,195
5050,292
5051,346
5052,345
5053,118
5054,142
5055,359
5056,116
5057,175
5058,188
5059,140
5060,122
5061,294
5062,83
5063,33
5064,123
5065,65
5066,130
5067,216
5068,77
5069,128
5070,259
5071,160
5072,99
5073,144
5074,196
5075,276
5076,122
5077,82
5078,102
5079,255
5080,231
5081,249
5082,15
5083,213
5084,223
5085,69
5086,260
5087,55
5088,110
5089,320
5090,4
5091,239
5092,183
5093,38
5094,262
5095,355
5096,110
5097,213
5098,43
5099,292
5100,26
5101,238
5102,202
5103,2
5104,196
5105,356
5106,198
5107,256
5108,188
5109,313
5110,13
5111,165
5112,99
5113,340
5114,3
5115,293
5116,19
5117,278
5118,100
5119,288
5120,44
5121,128
5122,146
5123,81
5124,309
5125,271
5126,347
5127,22
5128,102
5129,322
5130,214
5131,13
5132,227
5133,23
5134,272
5135,46
5136,160
5137,303
5138,273
5139,161
5140,26
5141,171
5142,14
5143,197
5144,66
5145,1
5146,240
5147,253
5148,48
5149,98
5150,183
5151,2
5152,19
5153,121
5154,254
5155,59
5156,187
5157,150
5158,8
5159,230
5160,32
5161,216
5162,228
5163,348
5164,310
5165,178
5166,112
5167,184
5168,140
5169,251
5170,176
5171,301
5172,291
5173,308
5174,43
5175,204
5176,60
5177,86
5178,256
5179,144
5180,62
5181,287
5182,163
5183,327
5184,45
5185,40
5186,333
5187,26
5188,120
5189,4
5190,146
5191,239
5192,4
5193,347
5194,321
5195,105
5196,179
5197,202
5198,83
5199,162
5200,28
5201,218
5202,137
5203,92
5204,184
5205,285
5206,46
5207,149
5208,271
5209,19
5210,308
5211,148
5212,241
5213,217
5214,40
5215,203
5216,331
5217,5
5218,249
5219,30
5220,96
5221,166
5222,218
5223,68
5224,352
5225,183
5226,102
5227,255
5228,52
5229,335
5230,354
5231,296
5232,277
5233,261
5234,9
5235,331
5236,115
5237,62
5238,264
5239,312
5240,127
5241,93
5242,348
5243,224
5244,10
5245,144
5246,27
5247,66
5248,236
5249,213
5250,323
5251,274
5252,357
5253,66
5254,125
5255,151
5256,124
5257,194
5258,349
5259,115
5260,206
5261,73
5262,301
5263,53
5264,198
5265,145
5266,64
5267,298
5268,237
5269,57
5270,2
5271,114
5272,5
5273,323
5274,201
5275,79
5276,36
5277,329
5278,109
5279,303
5280,330
5281,8
5282,62
5283,101
5284,213
5285,160
5286,224
5287,319
5288,173
5289,310
5290,227
5291,328
5292,244
5293,307
5294,306
5295,189
5296,10
5297,147
5298,331
5299,112
5300,326
5301,14
5302,270
5303,288
5304,328
5305,74
5306,41
5307,156
5308,71
5309,7
5310,150
5311,180
5312,91
5313,141
5314,79
5315,87
5316,40
5317,113
5318,12
5319,95
5320,304
5321,188
5322,3
5323,265
5324,327
5325,320
5326,239
5327,171
5328,313
5329,260
5330,347
5331,170
5332,57
5333,264
5334,88
5335,224
5336,83
5337,349
5338,256
5339,220
5340,135
5341,251
5342,280
5343,203
5344,351
5345,39
5346,358
5347,14
5348,265
5349,293
5350,96
5351,44
5352,200
5353,283
5354,185
5355,30
5356,231
5357,147
5358,188
5359,169
5360,314
5361,27
5362,61
5363,238
5364,133
5365,43
5366,324
5367,315
5368,55
5369,75
5370,18
5371,272
5372,260
5373,62
5374,66
5375,183
5376,164
5377,103
5378,92
5379,70
5380,204
5381,163
5382,141
5383,348
5384,119
5385,202
5386,274
5387,58
5388,32
5389,334
5390,37
5391,249
5392,148
5393,229
5394,66
5395,230
5396,324
5397,253
5398,294
5399,36
5400,187
5401,351
5402,57
5403,327
5404,18
5405,71
5406,255
5407,338
5408,187
5409,325
5410,117
5411,94
5412,307
5413,81
5414,302
5415,108
5416,267
5417,161
5418,27
5419,41
5420,147
5421,198
5422,136
5423,67
5424,285
5425,31
5426,147
5427,336
5428,109
5429,245
5430,272
5431,252
5432,52
5433,309
5434,188
5435,128
5436,70
5437,75
5438,218
5439,180
5440,313
5441,285
5442,128
5443,192
5444,188
5445,33
5446,314
5447,317
5448,96
5449,219
5450,202
5451,353
5452,333
5453,225
5454,91
5455,112
5456,360
5457,29
5458,5
5459,232
5460,253
5461,234
5462,100
5463,258
5464,77
5465,299
5466,31
5467,195
5468,189
5469,92
5470,163
5471,255
5472,301
5473,41
5474,82
5475,324
5476,195
5477,95
5478,203
5479,68
5480,315
5481,6
5482,15
5483,306
5484,65
5485,256
5486,225
5487,255
5488,226
5489,11
5490,212
5491,263
5492,167
5493,161
5494,50
5495,309
5496,162
5497,190
5498,342
5499,242
5500,203
5501,269
5502,231
5503,124
5504,57
5505,85
5506,184
5507,220
5508,13
5509,254
5510,321
5511,85
5512,284
5513,184
5514,108
5515,235
5516,264
5517,30
5518,337
5519,291
5520,166
5521,292
5522,140
5523,228
5524,350
5525,176
5526,219
5527,167
5528,166
5529,294
5530,170
5531,168
5532,6
5533,7
5534,41
5535,105
5536,56
5537,165
5538,259
5539,98
5540,24
5541,173
5542,161
5543,240
5544,59
5545,47
5546,117
5547,210
5548,257
5549,217
5550,83
5551,271
5552,249
5553,121
5554,74
5555,62
5556,25
5557,345
5558,206
5559,18
5560,124
5561,145
5562,233
5563,126
5564,264
5565,339
5566,247
5567,101
5568,114
5569,172
5570,130
5571,212
5572,226
5573,192
5574,104
5575,304
5576,2
5577,76
5578,42
5579,251
5580,190
5581,330
5582,355
5583,195
5584,289
5585,216
5586,67
5587,281
5588,56
5589,66
5590,173
5591,124
5592,8
5593,184
5594,129
5595,10
5596,210
5597,277
5598,7
5599,174
5600,38
5601,162
5602,174
5603,300
5604,149
5605,63
5606,271
5607,114
5608,64
5609,276
5610,160
5611,259
5612,153
5613,336
5614,191
5615,242
5616,356
5617,224
5618,48
5619,99
5620,288
5621,91
5622,166
5623,143
5624,259
5625,295
5626,236
5627,60
5628,139
5629,321
5630,356
5631,42
5632,6
5633,204
5634,351
5635,11
5636,322
5637,183
5638,300
5639,26
5640,268
5641,46
5642,93
5643,26
5644,293
5645,214
5646,335
5647,359
5648,54
5649,333
5650,167
5651,63
5652,13
5653,94
5654,74
5655,128
5656,112
5657,250
5658,67
5659,178
5660,167
5661,124
5662,152
5663,5
5664,57
5665,87
5666,323
5667,85
5668,204
5669,60
5670,64
5671,273
5672,235
5673,211
5674,163
5675,323
5676,77
5677,178
5678,327
5679,245
5680,237
5681,300
5682,254
5683,266
5684,182
5685,104
5686,12
5687,212
5688,74
5689,130
5690,98
5691,252
5692,82
5693,359
5694,324
5695,141
5696,176
5697,3
5698,53
5699,332
5700,152
5701,120
5702,287
5703,301
5704,246
5705,207
5706,59
5707,26
5708,337
5709,134
5710,134
5711,35
5712,333
5713,187
5714,163
5715,73
5716,113
5717,185
5718,303
5719,222
5720,203
5721,54
5722,56
5723,343
5724,65
5725,162
5726,6
5727,97
5728,37
5729,321
5730,342
5731,292
5732,74
5733,239
5734,25
5735,275
5736,227
5737,181
5738,165
5739,53
5740,105
5741,257
5742,313
5743,1
5744,146
5745,255
5746,34
5747,32
5748,239
5749,295
5750,230
5751,213
5752,89
5753,330
5754,178
5755,188
5756,14
5757,36
5758,78
5759,118
5760,113
5761,92
5762,143
5763,128
5764,94
5765,257
5766,287
5767,202
5768,37
5769,88
5770,150
5771,234
5772,250
5773,40
5774,110
5775,31
5776,56
5777,119
5778,218
5779,219
5780,81
5781,55
5782,52
5783,354
5784,322
5785,120
5786,288
5787,8
5788,70
5789,111
5790,214
5791,84
5792,91
5793,116
5794,69
5795,69
5796,245
5797,292
5798,237
5799,277
5800,252
5801,272
5802,196
5803,166
5804,8
5805,44
5806,238
5807,326
5808,253
5809,347
5810,285
5811,263
5812,131
5813,155
5814,140
5815,336
5816,320
5817,147
5818,262
5819,176
5820,296
5821,149
5822,254
5823,298
5824,127
5825,98
5826,209
5827,211
5828,184
5829,294
5830,255
5831,86
5832,303
5833,318
5834,100
5835,159
5836,44
5837,171
5838,148
5839,108
5840,260
5841,321
5842,199
5843,317
5844,2
5845,123
5846,295
5847,329
5848,113
5849,281
5850,46
5851,86
5852,290
5853,225
5854,78
5855,41
5856,265
5857,32
5858,48
5859,140
5860,101
5861,215
5862,166
5863,254
5864,327
5865,197
5866,95
5867,214
5868,330
5869,191
5870,255
5871,232
5872,279
5873,6
5874,201
5875,81
5876,119
5877,309
5878,75
5879,125
5880,149
5881,304
5882,67
5883,257
5884,223
5885,318
5886,287
5887,162
5888,67
5889,39
5890,70
5891,5
5892,116
5893,190
5894,268
5895,310
5896,8
5897,87
5898,24
5899,157
5900,205
5901,236
5902,285
5903,137
5904,313
5905,115
5906,185
5907,201
5908,171
5909,262
5910,349
5911,197
5912,35
5913,172
5914,171
5915,283
5916,355
5917,319
5918,273
5919,301
5920,63
5921,237
5922,173
5923,248
5924,181
5925,98
5926,171
5927,106
5928,248
5929,288
5930,76
5931,5
5932,130
5933,197
5934,188
5935,187
5936,332
5937,54
5938,42
5939,165
5940,209
5941,261
5942,45
5943,231
5944,154
5945,207
5946,339
5947,197
5948,219
5949,110
5950,29
5951,175
5952,339
5953,259
5954,157
5955,162
5956,86
5957,38
5958,157
5959,42
5960,239
5961,250
5962,225
5963,27
5964,310
5965,87
5966,306
5967,26
5968,349
5969,67
5970,314
5971,306
5972,81
5973,288
5974,169
5975,256
5976,110
5977,22
5978,21
5979,148
5980,23
5981,213
5982,10
5983,321
5984,328
5985,146
5986,340
5987,323
5988,217
5989,92
5990,84
5991,64
5992,193
5993,336
5994,25
5995,144
5996,23
5997,53
5998,74
5999,179
6000,161
6001,81
6002,283
6003,283
6004,312
6005,168
6006,206
6007,96
6008,93
6009,307
6010,217
6011,246
6012,277
6013,358
6014,40
6015,339
6016,50
6017,308
6018,215
6019,105
6020,351
6021,188
6022,223
6023,181
6024,176
6025,282
6026,13
6027,269
6028,305
6029,213
6030,23
6031,354
6032,93
6033,278
6034,115
6035,50
6036,352
6037,91
6038,209
6039,227
6040,345
6041,128
6042,224
6043,29
6044,174
6045,238
6046,155
6047,311
6048,138
6049,108
6050,157
6051,81
6052,296
6053,35
6054,176
6055,302
6056,34
6057,223
6058,308
6059,6
6060,234
6061,333
6062,129
6063,222
6064,339
6065,302
6066,43
6067,85
6068,44
6069,302
6070,219
6071,288
6072,274
6073,106
6074,15
6075,244
6076,153
6077,206
6078,133
6079,280
6080,295
6081,174
6082,144
6083,133
6084,224
6085,125
6086,92
6087,320
6088,335
6089,158
6090,53
6091,357
6092,71
6093,35
6094,100
6095,154
6096,282
6097,282
6098,21
6099,307
6100,104
6101,175
6102,272
6103,26
6104,307
6105,242
6106,282
6107,173
6108,74
6109,30
6110,334
6111,216
6112,321
6113,334
6114,358
6115,154
6116,184
6117,334
6118,193
6119,130
6120,109
6121,42
6122,4
6123,103
6124,199
6125,3
6126,315
6127,354
6128,336
6129,300
6130,340
6131,199
6132,62
6133,136
6134,6
6135,18
6136,283
6137,137
6138,271
6139,344
6140,191
6141,144
6142,21
6143,339
6144,59
6145,122
6146,353
6147,176
6148,186
6149,13
6150,201
6151,102
6152,239
6153,53
6154,124
6155,6
6156,162
6157,42
6158,54
6159,9
6160,308
6161,226
6162,149
6163,304
6164,112
6165,218
6166,162
6167,133
6168,243
6169,235
6170,159
6171,147
6172,64
6173,200
6174,268
6175,155
6176,13
6177,209
6178,3
6179,200
6180,311
6181,29
6182,108
6183,260
6184,175
6185,195
6186,306
6187,67
6188,230
6189,251
6190,46
6191,346
6192,282
6193,274
6194,171
6195,153
6196,360
6197,147
6198,289
6199,198
6200,237
6201,254
6202,320
6203,106
6204,160
6205,131
6206,286
6207,48
6208,351
6209,164
6210,237
6211,52
6212,36
6213,317
6214,99
6215,10
6216,147
6217,91
6218,158
6219,298
6220,41
6221,7
6222,159
6223,209
6224,282
6225,242
6226,352
6227,108
6228,347
6229,220
6230,193
6231,227
6232,360
6233,354
6234,152
6235,299
6236,81
6237,213
6238,155
6239,83
6240,266
6241,284
6242,249
6243,69
6244,216
6245,269
6246,20
6247,295
6248,198
6249,224
6250,215
6251,245
6252,316
6253,145
6254,245
6255,218
6256,345
6257,179
6258,13
6259,321
6260,180
6261,352
6262,277
6263,234
6264,288
6265,87
6266,289
6267,259
6268,91
6269,259
6270,228
6271,306
6272,335
6273,240
6274,98
6275,146
6276,16
6277,203
6278,289
6279,351
6280,175
6281,63
6282,54
6283,44
6284,335
6285,34
6286,180
6287,346
6288,203
6289,111
6290,125
6291,222
6292,163
6293,324
6294,61
6295,104
6296,237
6297,311
6298,342
6299,252
6300,315
6301,230
6302,97
6303,166
6304,359
6305,160
6306,22
6307,184
6308,226
6309,144
6310,55
6311,190
6312,321
6313,357
6314,182
6315,342
6316,54
6317,343
6318,343
6319,308
6320,194
6321,224
6322,278
6323,237
6324,55
6325,298
6326,127
6327,336
6328,296
6329,5
6330,139
6331,146
6332,214
6333,177
6334,53
6335,5
6336,122
6337,360
6338,273
6339,294
6340,55
6341,205
6342,112
6343,245
6344,350
6345,311
6346,255
6347,51
6348,13
6349,185
6350,202
6351,12
6352,232
6353,298
6354,193
6355,78
6356,64
6357,226
6358,343
6359,309
6360,203
6361,26
6362,113
6363,250
6364,267
6365,221
6366,298
6367,218
6368,145
6369,98
6370,325
6371,22
6372,225
6373,328
6374,43
6375,335
6376,25
6377,246
6378,218
6379,35
6380,101
6381,308
6382,279
6383,245
6384,152
6385,57
6386,140
6387,22
6388,83
6389,139
6390,186
6391,183
6392,211
6393,32
6394,346
6395,79
6396,233
6397,255
6398,199
6399,224
6400,341
6401,239
6402,346
6403,340
6404,154
6405,252
6406,29
6407,189
6408,267
6409,348
6410,124
6411,64
6412,354
6413,319
6414,91
6415,268
6416,105
6417,310
6418,25
6419,93
6420,192
6421,230
6422,360
6423,272
6424,209
6425,132
6426,201
6427,220
6428,202
6429,322
6430,332
6431,290
6432,200
6433,224
6434,257
6435,156
6436,347
6437,172
6438,307
6439,358
6440,5
6441,357
6442,300
6443,269
6444,224
6445,161
6446,180
6447,125
6448,211
6449,137
6450,28
6451,141
6452,209
6453,167
6454,40
6455,75
6456,41
6457,272
6458,25
6459,161
6460,357
6461,236
6462,212
6463,57
6464,358
6465,230
6466,65
6467,124
6468,65
6469,132
6470,2
6471,195
6472,172
6473,214
6474,134
6475,184
6476,345
6477,327
6478,46
6479,120
6480,198
6481,201
6482,127
6483,6
6484,63
6485,327
6486,206
6487,25
6488,190
6489,356
6490,85
6491,130
6492,47
6493,337
6494,82
6495,245
6496,152
6497,275
6498,39
6499,63
6500,65
6501,88
6502,79
6503,216
6504,214
6505,147
6506,82
6507,39
6508,127
6509,32
6510,128
6511,9
6512,197
6513,205
6514,135
6515,102
6516,159
6517,112
6518,123
6519,61
6520,310
6521,21
6522,171
6523,93
6524,84
6525,288
6526,45
6527,211
6528,247
6529,183
6530,213
6531,165
6532,260
6533,96
6534,224
6535,247
6536,296
6537,137
6538,265
6539,129
6540,336
6541,243
6542,195
6543,152
6544,215
6545,360
6546,218
6547,188
6548,262
6549,283
6550,48
6551,68
6552,257
6553,12
6554,242
6555,318
6556,318
6557,206
6558,53
6559,262
6560,57
6561,169
6562,238
6563,233
6564,318
6565,284
6566,292
6567,127
6568,274
6569,249
6570,174
6571,201
6572,43
6573,176
6574,225
6575,39
6576,200
6577,83
6578,95
6579,184
6580,294
6581,322
6582,229
6583,187
6584,307
6585,245
6586,73
6587,71
6588,349
6589,173
6590,30
6591,59
6592,309
6593,90
6594,345
6595,62
6596,82
6597,279
6598,338
6599,346
6600,353
6601,53
6602,313
6603,107
6604,94
6605,32
6606,169
6607,177
6608,151
6609,82
6610,241
6611,54
6612,222
6613,207
6614,237
6615,210
6616,350
6617,345
6618,93
6619,306
6620,117
6621,275
6622,289
6623,270
6624,234
6625,56
6626,320
6627,339
6628,300
6629,110
6630,56
6631,344
6632,20
6633,229
6634,226
6635,256
6636,138
6637,179
6638,155
6639,301
6640,346
6641,13
6642,222
6643,242
6644,129
6645,268
6646,240
6647,284
6648,175
6649,194
6650,102
6651,228
6652,335
6653,331
6654,320
6655,321
6656,139
6657,106
6658,191
6659,160
6660,302
6661,256
6662,121
6663,154
6664,207
6665,212
6666,137
6667,179
6668,71
6669,205
6670,2
6671,125
6672,40
6673,302
6674,338
6675,158
6676,346
6677,147
6678,208
6679,5
6680,178
6681,230
6682,287
6683,32
6684,173
6685,279
6686,103
6687,154
6688,144
6689,46
6690,292
6691,305
6692,10
6693,204
6694,150
6695,284
6696,111
6697,49
6698,81
6699,62
6700,357
6701,310
6702,336
6703,157
6704,360
6705,289
6706,303
6707,168
6708,170
6709,104
6710,302
6711,334
6712,32
6713,351
6714,215
6715,225
6716,68
6717,274
6718,337
6719,112
6720,318
6721,299
6722,89
6723,193
6724,325
6725,218
6726,339
6727,229
6728,245
6729,202
6730,312
6731,24
6732,156
6733,338
6734,291
6735,97
6736,196
6737,354
6738,33
6739,137
6740,358
6741,112
6742,153
6743,63
6744,224
6745,332
6746,312
6747,271
6748,264
6749,169
6750,258
6751,104
6752,342
6753,123
6754,78
6755,298
6756,201
6757,134
6758,353
6759,237
6760,241
6761,44
6762,290
6763,258
6764,290
6765,359
6766,268
6767,92
6768,63
6769,308
6770,121
6771,130
6772,318
6773,60
6774,155
6775,267
6776,259
6777,350
6778,11
6779,79
6780,139
6781,18
6782,41
6783,295
6784,156
6785,85
6786,237
6787,344
6788,270
6789,176
6790,71
6791,282
6792,280
6793,276
6794,109
6795,113
6796,132
6797,305
6798,204
6799,121
6800,349
6801,111
6802,23
6803,356
6804,164
6805,77
6806,227
6807,327
6808,122
6809,241
6810,35
6811,244
6812,177
6813,39
6814,240
6815,172
6816,295
6817,27
6818,264
6819,232
6820,202
6821,255
6822,201
6823,244
6824,103
6825,268
6826,260
6827,115
6828,165
6829,351
6830,193
6831,295
6832,282
6833,150
6834,77
6835,293
6836,163
6837,261
6838,218
6839,311
6840,125
6841,360
6842,217
6843,128
6844,299
6845,94
6846,147
6847,311
6848,17
6849,351
6850,281
6851,342
6852,38
6853,332
6854,44
6855,50
6856,345
6857,129
6858,116
6859,60
6860,61
6861,290
6862,96
6863,309
6864,145
6865,28
6866,326
6867,59
6868,236
6869,216
6870,22
6871,49
6872,323
6873,141
6874,283
6875,313
6876,126
6877,89
6878,114
6879,280
6880,317
6881,165
6882,309
6883,44
6884,83
6885,90
6886,354
6887,8
6888,219
6889,108
6890,136
6891,190
6892,88
6893,172
6894,127
6895,166
6896,143
6897,318
6898,344
6899,298
6900,319
6901,91
6902,229
6903,120
6904,225
6905,206
6906,81
6907,28
6908,359
6909,8
6910,121
6911,299
6912,91
6913,285
6914,216
6915,99
6916,227
6917,325
6918,286
6919,191
6920,279
6921,202
6922,135
6923,204
6924,62
6925,297
6926,288
6927,190
6928,228
6929,230
6930,107
6931,120
6932,91
6933,247
6934,55
6935,331
6936,334
6937,298
6938,297
6939,185
6940,12
6941,41
6942,225
6943,86
6944,24
6945,225
6946,22
6947,162
6948,294
6949,67
6950,327
6951,171
6952,255
6953,334
6954,213
6955,88
6956,239
6957,343
6958,279
6959,117
6960,235
6961,32
6962,50
6963,211
6964,350
6965,49
6966,240
6967,137
6968,1
6969,242
6970,13
6971,275
6972,200
6973,350
6974,353
6975,174
6976,2
6977,277
6978,288
6979,75
6980,245
6981,257
6982,286
6983,18
6984,351
6985,252
6986,298
6987,271
6988,152
6989,83
6990,78
6991,355
6992,7
6993,198
6994,315
6995,330
6996,340
6997,222
6998,338
6999,248
7000,17
7001,326
7002,4
7003,190
7004,77
7005,266
7006,50
7007,145
7008,352
7009,81
7010,330
7011,237
7012,40
7013,324
7014,66
7015,72
7016,246
7017,182
7018,237
7019,189
7020,340
7021,290
7022,230
7023,350
7024,77
7025,263
7026,58
7027,24
7028,311
7029,6
7030,191
7031,235
7032,64
7033,254
7034,130
7035,66
7036,227
7037,132
7038,125
7039,322
7040,67
7041,215
7042,231
7043,162
7044,253
7045,40
7046,146
7047,19
7048,56
7049,212
7050,193
7051,74
7052,255
7053,343
7054,2
7055,342
7056,66
7057,287
7058,206
7059,159
7060,3
7061,111
7062,222
7063,219
7064,155
7065,213
7066,311
7067,155
7068,135
7069,324
7070,307
7071,6
7072,254
7073,52
7074,56
7075,187
7076,316
7077,172
7078,180
7079,79
7080,206
7081,20
7082,9
7083,37
7084,197
7085,245
7086,248
7087,197
7088,35
7089,107
7090,195
7091,279
7092,88
7093,300
7094,35
7095,94
7096,67
7097,343
7098,179
7099,349
7100,155
7101,297
7102,17
7103,134
7104,244
7105,38
7106,120
7107,242
7108,198
7109,144
7110,176
7111,30
7112,309
7113,111
7114,74
7115,259
7116,132
7117,190
7118,121
7119,116
7120,83
7121,219
7122,142
7123,85
7124,308
7125,97
7126,99
7127,38
7128,142
7129,164
7130,356
7131,265
7132,250
7133,150
7134,345
7135,206
7136,231
7137,246
7138,163
7139,354
7140,316
7141,73
7142,56
7143,172
7144,167
7145,280
7146,313
7147,342
7148,258
7149,86
7150,2
7151,358
7152,253
7153,57
7154,306
7155,219
7156,334
7157,265
7158,80
7159,286
7160,222
7161,129
7162,35
7163,206
7164,85
7165,158
7166,287
7167,312
7168,250
7169,272
7170,27
7171,196
7172,221
7173,98
7174,27
7175,141
7176,237
7177,340
7178,274
7179,18
7180,148
7181,305
7182,251
7183,281
7184,189
7185,76
7186,353
7187,85
7188,149
7189,161
7190,4
7191,354
7192,348
7193,255
7194,349
7195,120
7196,131
7197,220
7198,357
7199,107
7200,226
7201,82
7202,167
7203,99
7204,94
7205,171
7206,208
7207,253
7208,330
7209,198
7210,154
7211,230
7212,342
7213,64
7214,360
7215,345
7216,150
7217,223
7218,241
7219,13
7220,126
7221,132
7222,292
7223,67
7224,95
7225,279
7226,225
7227,80
7228,159
7229,96
7230,347
7231,175
7232,88
7233,105
7234,192
7235,274
7236,309
7237,203
7238,100
7239,66
7240,264
7241,23
7242,107
7243,324
7244,134
7245,288
7246,137
7247,295
7248,287
7249,270
7250,207
7251,188
7252,93
7253,47
7254,144
7255,355
7256,335
7257,355
7258,86
7259,82
7260,206
7261,79
7262,271
7263,197
7264,102
7265,181
7266,316
7267,224
7268,169
7269,179
7270,244
7271,45
7272,350
7273,285
7274,49
7275,39
7276,267
7277,314
7278,354
7279,54
7280,91
7281,181
7282,145
7283,333
7284,178
7285,73
7286,118
7287,279
7288,41
7289,53
7290,58
7291,266
7292,105
7293,87
7294,296
7295,350
7296,264
7297,255
7298,324
7299,279
7300,3
7301,213
7302,284
7303,7
7304,267
7305,316
7306,247
7307,18
7308,273
7309,313
7310,153
7311,248
7312,205
7313,70
7314,343
7315,132
7316,287
7317,62
7318,238
7319,42
7320,66
7321,322
7322,306
7323,62
7324,124
7325,342
7326,282
7327,151
7328,207
7329,330
7330,311
7331,145
7332,59
7333,63
7334,51
7335,62
7336,121
7337,219
7338,224
7339,252
7340,343
7341,51
7342,203
7343,150
7344,135
7345,198
7346,302
7347,126
7348,175
7349,240
7350,83
7351,321
7352,262
7353,66
7354,304
7355,265
7356,83
7357,283
7358,151
7359,224
7360,2
7361,347
7362,77
7363,215
7364,163
7365,221
7366,166
7367,47
7368,41
7369,350
7370,312
7371,336
7372,170
7373,250
7374,257
7375,341
7376,133
7377,270
7378,234
7379,197
7380,309
7381,70
7382,116
7383,180
7384,49
7385,198
7386,309
7387,224
7388,21
7389,37
7390,322
7391,296
7392,57
7393,273
7394,1
7395,269
7396,328
7397,331
7398,60
7399,21
7400,216
7401,233
7402,9
7403,100
7404,179
7405,20
7406,308
7407,277
7408,270
7409,297
7410,93
7411,32
7412,215
7413,279
7414,295
7415,39
7416,226
7417,15
7418,237
7419,151
7420,26
7421,227
7422,87
7423,188
7424,119
7425,299
7426,307
7427,212
7428,86
7429,189
7430,2
7431,252
7432,23
7433,127
7434,204
7435,258
7436,257
7437,304
7438,153
7439,8
7440,242
7441,290
7442,232
7443,157
7444,284
7445,283
7446,319
7447,247
7448,339
7449,98
7450,66
7451,134
7452,129
7453,73
7454,235
7455,97
7456,284
7457,219
7458,241
7459,170
7460,260
7461,230
7462,114
7463,21
7464,352
7465,213
7466,57
7467,188
7468,212
7469,212
7470,47
7471,191
7472,346
7473,254
7474,63
7475,203
7476,67
7477,216
7478,309
7479,257
7480,199
7481,290
7482,234
7483,152
7484,271
7485,17
7486,10
7487,78
7488,95
7489,18
7490,180
7491,116
7492,14
7493,273
7494,72
7495,296
7496,13
7497,188
7498,29
7499,189
7500,17
7501,19
7502,264
7503,120
7504,60
7505,3
7506,263
7507,357
7508,277
7509,352
7510,113
7511,185
7512,9
7513,346
7514,247
7515,196
7516,74
7517,174
7518,202
7519,217
7520,266
7521,319
7522,68
7523,335
7524,357
7525,336
7526,276
7527,267
7528,291
7529,94
7530,5
7531,133
7532,279
7533,182
7534,125
7535,96
7536,70
7537,67
7538,326
7539,180
7540,27
7541,350
7542,67
7543,132
7544,259
7545,114
7546,358
7547,146
7548,115
7549,33
7550,164
7551,4
7552,106
7553,322
7554,335
7555,65
7556,234
7557,79
7558,99
7559,157
7560,44
7561,14
7562,259
7563,215
7564,239
7565,159
7566,128
7567,311
7568,262
7569,294
7570,129
7571,196
7572,348
7573,22
7574,53
7575,160
7576,307
7577,264
7578,303
7579,254
7580,240
7581,56
7582,87
7583,97
7584,237
7585,11
7586,252
7587,329
7588,96
7589,125
7590,6
7591,258
7592,241
7593,79
7594,203
7595,297
7596,310
7597,234
7598,236
7599,167
7600,41
7601,118
7602,165
7603,103
7604,172
7605,351
7606,130
7607,351
7608,73
7609,139
7610,216
7611,95
7612,57
7613,22
7614,359
7615,59
7616,72
7617,357
7618,222
7619,292
7620,76
7621,248
7622,265
7623,239
7624,48
7625,280
7626,39
7627,198
7628,207
7629,283
7630,84
7631,174
7632,108
7633,84
7634,48
7635,67
7636,132
7637,132
7638,65
7639,240
7640,47
7641,337
7642,144
7643,311
7644,18
7645,324
7646,260
7647,215
7648,183
7649,3
7650,62
7651,257
7652,301
7653,158
7654,216
7655,83
7656,148
7657,330
7658,142
7659,59
7660,247
7661,314
7662,233
7663,27
7664,170
7665,308
7666,294
7667,180
7668,153
7669,309
7670,162
7671,205
7672,149
7673,244
7674,64
7675,130
7676,136
7677,50
7678,204
7679,132
7680,180
7681,9
7682,356
7683,315
7684,201
7685,314
7686,119
7687,338
7688,95
7689,253
7690,148
7691,312
7692,3
7693,6
7694,207
7695,337
7696,250
7697,243
7698,101
7699,349
7700,133
7701,320
7702,237
7703,49
7704,141
7705,210
7706,142
7707,15
7708,47
7709,360
7710,11
7711,96
7712,133
7713,140
7714,29
7715,319
7716,203
7717,339
7718,309
7719,315
7720,357
7721,44
7722,305
7723,34
7724,191
7725,253
7726,103
7727,307
7728,339
7729,208
7730,209
7731,193
7732,44
7733,48
7734,288
7735,173
7736,271
7737,328
7738,114
7739,277
7740,264
7741,131
7742,263
7743,273
7744,37
7745,41
7746,217
7747,11
7748,229
7749,133
7750,204
7751,167
7752,62
7753,111
7754,254
7755,181
7756,161
7757,123
7758,168
7759,197
7760,83
7761,343
7762,249
7763,85
7764,310
7765,222
7766,165
7767,181
7768,270
7769,226
7770,349
7771,120
7772,203
7773,266
7774,140
7775,77
7776,285
7777,297
7778,49
7779,32
7780,266
7781,55
7782,301
7783,56
7784,113
7785,197
7786,283
7787,7
7788,230
7789,265
7790,282
7791,339
7792,170
7793,251
7794,299
7795,162
7796,79
7797,26
7798,143
7799,158
7800,257
7801,345
7802,295
7803,2
7804,180
7805,14
7806,260
7807,151
7808,232
7809,101
7810,120
7811,163
7812,92
7813,287
7814,225
7815,59
7816,72
7817,6
7818,326
7819,172
7820,36
7821,238
7822,185
7823,40
7824,278
7825,213
7826,112
7827,268
7828,311
7829,34
7830,230
7831,348
7832,41
7833,331
7834,124
7835,99
7836,95
7837,37
7838,233
7839,265
7840,156
7841,292
7842,275
7843,304
7844,158
7845,210
7846,141
7847,238
7848,241
7849,264
7850,190
7851,19
7852,276
7853,174
7854,359
7855,10
7856,3
7857,103
7858,358
7859,148
7860,30
7861,208
7862,269
7863,326
7864,202
7865,82
7866,179
7867,79
7868,109
7869,87
7870,303
7871,338
7872,12
7873,83
7874,11
7875,291
7876,295
7877,347
7878,117
7879,203
7880,93
7881,104
7882,201
7883,44
7884,284
7885,354
7886,252
7887,42
7888,292
7889,137
7890,131
7891,98
7892,274
7893,144
7894,232
7895,137
7896,51
7897,207
7898,170
7899,61
7900,94
7901,184
7902,38
7903,352
7904,227
7905,272
7906,15
7907,122
7908,111
7909,43
7910,214
7911,296
7912,250
7913,110
7914,108
7915,202
7916,113
7917,344
7918,253
7919,118
7920,39
7921,147
7922,190
7923,137
7924,349
7925,261
7926,269
7927,54
7928,1
7929,326
7930,251
7931,240
7932,5
7933,98
7934,66
7935,105
7936,206
7937,211
7938,295
7939,199
7940,1
7941,82
7942,123
7943,214
7944,267
7945,17
7946,164
7947,352
7948,53
7949,39
7950,255
7951,97
7952,111
7953,338
7954,256
7955,292
7956,297
7957,164
7958,259
7959,65
7960,210
7961,306
7962,106
7963,113
7964,30
7965,224
7966,70
7967,334
7968,290
7969,83
7970,92
7971,51
7972,241
7973,111
7974,102
7975,209
7976,189
7977,267
7978,182
7979,5
7980,119
7981,283
7982,172
7983,344
7984,97
7985,18
7986,268
7987,207
7988,17
7989,198
7990,98
7991,112
7992,206
7993,21
7994,348
7995,173
7996,215
7997,314
7998,168
7999,280
8000,120
8001,196
8002,6
8003,77
8004,22
8005,150
8006,95
8007,241
8008,121
8009,307
8010,10
8011,54
8012,211
8013,267
8014,246
8015,160
8016,65
8017,243
8018,98
8019,161
8020,167
8021,28
8022,3
8023,254
8024,83
8025,346
8026,158
8027,351
8028,43
8029,21
8030,244
8031,333
8032,163
8033,30
8034,76
8035,174
8036,337
8037,298
8038,255
8039,355
8040,274
8041,8
8042,122
8043,189
8044,306
8045,253
8046,304
8047,98
8048,208
8049,120
8050,334
8051,289
8052,192
8053,326
8054,323
8055,146
8056,103
8057,7
8058,272
8059,220
8060,76
8061,145
8062,142
8063,256
8064,280
8065,165
8066,33
8067,195
8068,72
8069,110
8070,145
8071,54
8072,37
8073,154
8074,254
8075,178
8076,34
8077,91
8078,147
8079,119
8080,86
8081,36
8082,82
8083,20
8084,268
8085,152
8086,198
8087,240
8088,15
8089,328
8090,212
8091,232
8092,201
8093,101
8094,332
8095,216
8096,209
8097,29
8098,144
8099,166
8100,230
8101,191
8102,18
8103,215
8104,295
8105,136
8106,28
8107,306
8108,292
8109,331
8110,118
8111,20
8112,121
8113,236
8114,211
8115,190
8116,193
8117,192
8118,256
8119,274
8120,153
8121,283
8122,17
8123,58
8124,168
8125,306
8126,135
8127,24
8128,129
8129,334
8130,256
8131,187
8132,251
8133,159
8134,305
8135,152
8136,220
8137,175
8138,6
8139,215
8140,193
8141,172
8142,260
8143,332
8144,8
8145,40
8146,344
8147,333
8148,303
8149,87
8150,295
8151,98
8152,322
8153,262
8154,230
8155,309
8156,286
8157,88
8158,97
8159,101
8160,115
8161,129
8162,86
8163,296
8164,23
8165,193
8166,294
8167,130
8168,342
8169,263
8170,288
8171,225
8172,107
8173,123
8174,282
8175,222
8176,183
8177,312
8178,282
8179,322
8180,159
8181,170
8182,271
8183,302
8184,54
8185,45
8186,184
8187,203
8188,8
8189,176
8190,71
8191,351
8192,244
8193,82
8194,86
8195,142
8196,86
8197,169
8198,14
8199,326
8200,93
8201,317
8202,171
8203,118
8204,203
8205,293
8206,107
8207,164
8208,83
8209,289
8210,254
8211,346
8212,103
8213,334
8214,343
8215,246
8216,314
8217,237
8218,26
8219,262
8220,187
8221,177
8222,113
8223,241
8224,168
8225,254
8226,293
8227,279
8228,282
8229,235
8230,293
8231,215
8232,250
8233,10
8234,175
8235,314
8236,235
8237,115
8238,138
8239,97
8240,58
8241,262
8242,32
8243,178
8244,121
8245,237
8246,331
8247,273
8248,16
8249,86
8250,34
8251,304
8252,201
8253,290
8254,70
8255,20
8256,125
8257,110
8258,101
8259,293
8260,308
8261,174
8262,220
8263,306
8264,299
8265,21
8266,357
8267,322
8268,224
8269,244
8270,20
8271,346
8272,162
8273,349
8274,197
8275,179
8276,355
8277,208
8278,189
8279,138
8280,247
8281,229
8282,104
8283,186
8284,215
8285,57
8286,210
8287,145
8288,321
8289,21
8290,332
8291,224
8292,23
8293,75
8294,54
8295,59
8296,302
8297,290
8298,332
8299,296
8300,249
8301,140
8302,104
8303,193
8304,83
8305,205
8306,122
8307,203
8308,343
8309,153
8310,287
8311,199
8312,279
8313,103
8314,48
8315,129
8316,125
8317,170
8318,148
8319,215
8320,96
8321,138
8322,165
8323,126
8324,131
8325,346
8326,303
8327,235
8328,255
8329,198
8330,343
8331,171
8332,337
8333,19
8334,83
8335,306
8336,254
8337,254
8338,269
8339,156
8340,301
8341,52
8342,272
8343,310
8344,189
8345,26
8346,107
8347,158
8348,289
8349,211
8350,54
8351,240
8352,351
8353,244
8354,186
8355,120
8356,107
8357,85
8358,76
8359,73
8360,39
8361,161
8362,349
8363,129
8364,360
8365,211
8366,232
8367,320
8368,237
8369,239
8370,59
8371,108
8372,40
8373,105
8374,153
8375,125
8376,257
8377,52
8378,261
8379,300
8380,82
8381,63
8382,160
8383,353
8384,176
8385,151
8386,37
8387,133
8388,305
8389,318
8390,176
8391,12
8392,41
8393,252
8394,240
8395,94
8396,299
8397,258
8398,281
8399,237
8400,43
8401,9
8402,55
8403,122
8404,354
8405,38
8406,9
8407,25
8408,142
8409,88
8410,32
8411,225
8412,56
8413,162
8414,307
8415,4
8416,161
8417,65
8418,33
8419,53
8420,195
8421,325
8422,196
8423,34
8424,329
8425,235
8426,51
8427,301
8428,263
8429,51
8430,103
8431,348
8432,304
8433,63
8434,353
8435,167
8436,16
8437,96
8438,142
8439,249
8440,239
8441,160
8442,13
8443,221
8444,295
8445,63
8446,45
8447,267
8448,42
8449,103
8450,154
8451,287
8452,143
8453,327
8454,197
8455,21
8456,285
8457,112
8458,189
8459,236
8460,235
8461,39
8462,291
8463,185
8464,192
8465,190
8466,337
8467,342
8468,248
8469,327
8470,256
8471,95
8472,12
8473,87
8474,359
8475,110
8476,245
8477,92
8478,197
8479,49
8480,105
8481,18
8482,57
8483,111
8484,342
8485,255
8486,200
8487,77
8488,137
8489,205
8490,58
8491,228
8492,110
8493,19
8494,151
8495,71
8496,170
8497,298
8498,217
8499,143
8500,171
8501,279
8502,222
8503,40
8504,81
8505,141
8506,189
8507,243
8508,305
8509,104
8510,81
8511,167
8512,271
8513,215
8514,56
8515,324
8516,282
8517,31
8518,123
8519,39
8520,332
8521,97
8522,250
8523,38
8524,77
8525,26
8526,131
8527,288
8528,119
8529,247
8530,338
8531,322
8532,89
8533,23
8534,81
8535,115
8536,66
8537,314
8538,174
8539,323
8540,95
8541,199
8542,76
8543,297
8544,52
8545,219
8546,335
8547,296
8548,190
8549,355
8550,163
8551,57
8552,178
8553,320
8554,164
8555,151
8556,202
8557,42
8558,219
8559,193
8560,162
8561,159
8562,142
8563,62
8564,111
8565,251
8566,161
8567,119
8568,144
8569,235
8570,223
8571,28
8572,35
8573,85
8574,146
8575,150
8576,224
8577,343
8578,131
8579,83
8580,171
8581,141
8582,88
8583,24
8584,133
8585,28
8586,102
8587,84
8588,76
8589,231
8590,196
8591,301
8592,9
8593,344
8594,323
8595,87
8596,204
8597,12
8598,232
8599,303
8600,34
8601,2
8602,132
8603,294
8604,215
8605,348
8606,345
8607,18
8608,25
8609,209
8610,170
8611,102
8612,68
8613,344
8614,96
8615,240
8616,269
8617,88
8618,260
8619,196
8620,208
8621,109
8622,41
8623,217
8624,285
8625,313
8626,116
8627,300
8628,331
8629,347
8630,342
8631,272
8632,317
8633,258
8634,128
8635,1
8636,282
8637,140
8638,204
8639,139
8640,46
8641,287
8642,193
8643,342
8644,225
8645,93
8646,145
8647,229
8648,241
8649,61
8650,271
8651,84
8652,158
8653,274
8654,147
8655,51
8656,318
8657,169
8658,65
8659,239
8660,344
8661,308
8662,159
8663,204
8664,282
8665,349
8666,196
8667,164
8668,348
8669,126
8670,336
8671,201
8672,260
8673,92
8674,276
8675,258
8676,183
8677,354
8678,71
8679,209
8680,323
8681,150
8682,143
8683,142
8684,88
8685,152
8686,233
8687,73
8688,81
8689,291
8690,68
8691,192
8692,164
8693,253
8694,355
8695,42
8696,6
8697,300
8698,251
8699,69
8700,353
8701,185
8702,322
8703,323
8704,23
8705,331
8706,240
8707,325
8708,242
8709,351
8710,168
8711,164
8712,289
8713,178
8714,348
8715,124
8716,66
8717,28
8718,230
8719,148
8720,305
8721,4
8722,143
8723,37
8724,332
8725,280
8726,122
8727,200
8728,131
8729,50
8730,100
8731,351
8732,349
8733,72
8734,195
8735,21
8736,259
8737,90
8738,211
8739,65
8740,28
8741,145
8742,152
8743,30
8744,343
8745,38
8746,320
8747,9
8748,2
8749,49
8750,170
8751,68
8752,34
8753,2
8754,211
8755,113
8756,146
8757,261
8758,130
8759,219
8760,128
8761,128
8762,345
8763,17
8764,128
8765,125
8766,291
8767,47
8768,229
8769,319
8770,155
8771,172
8772,117
8773,297
8774,69
8775,178
8776,300
8777,280
8778,42
8779,192
8780,38
8781,39
8782,65
8783,156
8784,165
8785,131
8786,26
8787,354
8788,336
8789,188
8790,227
8791,295
8792,322
8793,110
8794,309
8795,74
8796,60
8797,69
8798,15
8799,110
8800,131
8801,152
8802,282
8803,206
8804,74
8805,181
8806,87
8807,119
8808,355
8809,2
8810,223
8811,157
8812,127
8813,89
8814,135
8815,104
8816,267
8817,86
8818,320
8819,62
8820,342
8821,209
8822,181
8823,139
8824,161
8825,300
8826,45
8827,206
8828,97
8829,288
8830,59
8831,8
8832,283
8833,243
8834,158
8835,326
8836,301
8837,115
8838,97
8839,268
8840,275
8841,212
8842,227
8843,321
8844,99
8845,153
8846,31
8847,294
8848,118
8849,163
8850,43
8851,17
8852,207
8853,211
8854,328
8855,264
8856,111
8857,65
8858,70
8859,343
8860,112
8861,152
8862,313
8863,258
8864,349
8865,28
8866,54
8867,156
8868,240
8869,106
8870,299
8871,286
8872,320
8873,232
8874,157
8875,143
8876,131
8877,350
8878,283
8879,131
8880,277
8881,100
8882,235
8883,167
8884,211
8885,214
8886,312
8887,347
8888,123
8889,113
8890,105
8891,150
8892,75
8893,308
8894,100
8895,45
8896,307
8897,258
8898,97
8899,90
8900,111
8901,35
8902,305
8903,17
8904,286
8905,132
8906,351
8907,218
8908,185
8909,180
8910,328
8911,26
8912,265
8913,85
8914,276
8915,41
8916,267
8917,195
8918,14
8919,326
8920,151
8921,95
8922,242
8923,328
8924,315
8925,91
8926,100
8927,328
8928,191
8929,132
8930,220
8931,121
8932,229
8933,342
8934,292
8935,84
8936,58
8937,318
8938,29
8939,335
8940,196
8941,299
8942,69
8943,216
8944,339
8945,209
8946,70
8947,59
8948,186
8949,159
8950,350
8951,356
8952,185
8953,103
8954,12
8955,308
8956,143
8957,208
8958,146
8959,34
8960,352
8961,49
8962,81
8963,214
8964,44
8965,92
8966,257
8967,76
8968,51
8969,243
8970,356
8971,123
8972,209
8973,6
8974,277
8975,96
8976,123
8977,56
8978,45
8979,71
8980,29
8981,204
8982,111
8983,166
8984,101
8985,232
8986,174
8987,183
8988,63
8989,202
8990,337
8991,345
8992,153
8993,158
8994,261
8995,253
8996,253
8997,195
8998,340
8999,211
9000,92
9001,230
9002,66
9003,11
9004,298
9005,59
9006,176
9007,64
9008,143
9009,83
9010,310
9011,103
9012,112
9013,47
9014,288
9015,270
9016,211
9017,212
9018,159
9019,161
9020,238
9021,342
9022,140
9023,124
9024,352
9025,241
9026,312
9027,351
9028,254
9029,140
9030,140
9031,286
9032,115
9033,311
9034,53
9035,293
9036,184
9037,283
9038,180
9039,192
9040,264
9041,125
9042,238
9043,127
9044,34
9045,281
9046,95
9047,255
9048,64
9049,139
9050,252
9051,249
9052,181
9053,149
9054,47
9055,325
9056,102
9057,355
9058,62
9059,236
9060,220
9061,156
9062,276
9063,314
9064,346
9065,270
9066,195
9067,227
9068,280
9069,288
9070,148
9071,120
9072,279
9073,64
9074,275
9075,29
9076,280
9077,264
9078,333
9079,121
9080,335
9081,2
9082,248
9083,324
9084,208
9085,149
9086,232
9087,51
9088,175
9089,64
9090,244
9091,321
9092,302
9093,330
9094,293
9095,109
9096,80
9097,277
9098,204
9099,157
9100,324
9101,172
9102,6
9103,77
9104,322
9105,12
9106,210
9107,78
9108,279
9109,335
9110,99
9111,58
9112,175
9113,207
9114,325
9115,145
9116,294
9117,88
9118,18
9119,302
9120,111
9121,346
9122,44
9123,171
9124,159
9125,76
9126,277
9127,183
9128,301
9129,282
9130,88
9131,294
9132,358
9133,45
9134,327
9135,175
9136,330
9137,84
9138,83
9139,131
9140,167
9141,307
9142,188
9143,74
9144,33
9145,304
9146,228
9147,198
9148,43
9149,271
9150,272
9151,52
9152,241
9153,265
9154,139
9155,68
9156,240
9157,343
9158,164
9159,83
9160,212
9161,67
9162,206
9163,140
9164,122
9165,117
9166,104
9167,91
9168,83
9169,291
9170,309
9171,167
9172,22
9173,76
9174,149
9175,226
9176,86
9177,158
9178,317
9179,193
9180,338
9181,93
9182,356
9183,330
9184,288
9185,94
9186,61
9187,317
9188,210
9189,223
9190,61
9191,343
9192,330
9193,133
9194,339
9195,49
9196,204
9197,204
9198,282
9199,346
9200,20
9201,123
9202,261
9203,206
9204,30
9205,310
9206,21
9207,207
9208,212
9209,299
9210,145
9211,336
9212,270
9213,126
9214,76
9215,267
9216,140
9217,225
9218,25
9219,78
9220,60
9221,188
9222,292
9223,211
9224,313
9225,320
9226,112
9227,103
9228,350
9229,184
9230,240
9231,168
9232,298
9233,73
9234,27
9235,348
9236,165
9237,74
9238,65
9239,68
9240,91
9241,230
9242,288
9243,5
9244,197
9245,80
9246,182
9247,358
9248,200
9249,183
9250,230
9251,96
9252,346
9253,158
9254,18
9255,37
9256,1
9257,86
9258,255
9259,206
9260,269
9261,227
9262,116
9263,33
9264,172
9265,123
9266,263
9267,76
9268,257
9269,196
9270,118
9271,253
9272,158
9273,128
9274,19
9275,320
9276,43
9277,226
9278,16
9279,45
9280,101
9281,329
9282,44
9283,212
9284,92
9285,98
9286,306
9287,185
9288,182
9289,118
9290,218
9291,243
9292,84
9293,336
9294,123
9295,307
9296,83
9297,339
9298,94
9299,41
9300,95
9301,313
9302,238
9303,190
9304,182
9305,174
9306,253
9307,229
9308,297
9309,59
9310,254
9311,70
9312,254
9313,25
9314,74
9315,51
9316,184
9317,113
9318,113
9319,157
9320,33
9321,83
9322,112
9323,96
9324,138
9325,224
9326,4
9327,146
9328,358
9329,107
9330,234
9331,296
9332,274
9333,283
9334,255
9335,167
9336,39
9337,212
9338,217
9339,53
9340,33
9341,339
9342,40
9343,298
9344,218
9345,266
9346,302
9347,36
9348,120
9349,192
9350,260
9351,284
9352,356
9353,7
9354,355
9355,91
9356,358
9357,263
9358,23
9359,240
9360,156
9361,322
9362,123
9363,230
9364,40
9365,207
9366,207
9367,287
9368,227
9369,268
9370,71
9371,33
9372,22
9373,313
9374,27
9375,152
9376,294
9377,312
9378,130
9379,245
9380,277
9381,99
9382,291
9383,323
9384,37
9385,272
9386,293
9387,196
9388,198
9389,269
9390,241
9391,111
9392,302
9393,120
9394,215
9395,8
9396,323
9397,107
9398,192
9399,325
9400,84
9401,294
9402,1
9403,103
9404,204
9405,273
9406,162
9407,279
9408,309
9409,52
9410,13
9411,162
9412,67
9413,126
9414,134
9415,96
9416,270
9417,42
9418,213
9419,317
9420,297
9421,223
9422,18
9423,86
9424,15
9425,338
9426,222
9427,32
9428,64
9429,189
9430,26
9431,114
9432,269
9433,12
9434,228
9435,268
9436,215
9437,141
9438,321
9439,176
9440,158
9441,305
9442,312
9443,243
9444,253
9445,272
9446,295
9447,116
9448,284
9449,58
9450,279
9451,58
9452,48
9453,239
9454,31
9455,72
9456,96
9457,278
9458,89
9459,4
9460,69
9461,31
9462,352
9463,149
9464,241
9465,280
9466,229
9467,127
9468,247
9469,93
9470,11
9471,13
9472,52
9473,257
9474,325
9475,292
9476,301
9477,39
9478,308
9479,84
9480,235
9481,282
9482,95
9483,220
9484,85
9485,306
9486,311
9487,254
9488,112
9489,210
9490,39
9491,324
9492,153
9493,135
9494,356
9495,306
9496,185
9497,312
9498,189
9499,354
9500,180
9501,332
9502,269
9503,85
9504,96
9505,326
9506,11
9507,63
9508,181
9509,133
9510,163
9511,31
9512,47
9513,296
9514,33
9515,338
9516,283
9517,229
9518,174
9519,289
9520,66
9521,289
9522,269
9523,288
9524,334
9525,52
9526,291
9527,186
9528,111
9529,174
9530,163
9531,293
9532,319
9533,360
9534,320
9535,330
9536,244
9537,90
9538,225
9539,166
9540,46
9541,14
9542,347
9543,172
9544,289
9545,213
9546,232
9547,252
9548,238
9549,210
9550,259
9551,132
9552,168
9553,275
9554,338
9555,214
9556,94
9557,24
9558,314
9559,181
9560,38
9561,256
9562,313
9563,56
9564,215
9565,360
9566,86
9567,168
9568,91
9569,115
9570,40
9571,277
9572,313
9573,165
9574,325
9575,309
9576,257
9577,249
9578,260
9579,201
9580,19
9581,284
9582,112
9583,144
9584,83
9585,305
9586,267
9587,250
9588,15
9589,188
9590,255
9591,329
9592,273
9593,25
9594,162
9595,96
9596,209
9597,342
9598,15
9599,205
9600,180
9601,301
9602,296
9603,219
9604,214
9605,196
9606,264
9607,23
9608,13
9609,69
9610,165
9611,208
9612,106
9613,209
9614,234
9615,195
9616,326
9617,228
9618,302
9619,24
9620,5
9621,300
9622,159
9623,37
9624,115
9625,236
9626,83
9627,126
9628,52
9629,192
9630,64
9631,279
9632,38
9633,96
9634,222
9635,145
9636,318
9637,123
9638,355
9639,334
9640,46
9641,312
9642,139
9643,4
9644,183
9645,324
9646,106
9647,127
9648,252
9649,35
9650,30
9651,290
9652,18
9653,35
9654,165
9655,150
9656,307
9657,40
9658,84
9659,103
9660,162
9661,223
9662,325
9663,210
9664,339
9665,77
9666,344
9667,218
9668,72
9669,279
9670,269
9671,107
9672,88
9673,274
9674,151
9675,188
9676,54
9677,203
9678,192
9679,246
9680,192
9681,110
9682,307
9683,6
9684,23
9685,79
9686,125
9687,123
9688,244
9689,307
9690,295
9691,154
9692,111
9693,86
9694,35
9695,146
9696,67
9697,30
9698,318
9699,22
9700,45
9701,343
9702,189
9703,275
9704,243
9705,70
9706,328
9707,56
9708,40
9709,161
9710,146
9711,31
9712,183
9713,330
9714,173
9715,330
9716,198
9717,150
9718,112
9719,226
9720,175
9721,152
9722,183
9723,77
9724,32
9725,224
9726,188
9727,299
9728,293
9729,41
9730,255
9731,282
9732,24
9733,56
9734,7
9735,208
9736,119
9737,240
9738,62
9739,286
9740,163
9741,165
9742,176
9743,212
9744,331
9745,139
9746,65
9747,103
9748,246
9749,177
9750,17
9751,216
9752,217
9753,96
9754,194
9755,22
9756,25
9757,60
9758,272
9759,61
9760,354
9761,331
9762,131
9763,227
9764,334
9765,343
9766,298
9767,212
9768,142
9769,115
9770,48
9771,185
9772,79
9773,348
9774,274
9775,129
9776,91
9777,103
9778,36
9779,108
9780,131
9781,6
9782,132
9783,209
9784,187
9785,244
9786,326
9787,157
9788,353
9789,193
9790,73
9791,140
9792,96
9793,78
9794,302
9795,63
9796,276
9797,213
9798,19
9799,340
9800,108
9801,246
9802,213
9803,338
9804,356
9805,266
9806,221
9807,132
9808,261
9809,313
9810,351
9811,246
9812,81
9813,136
9814,286
9815,25
9816,186
9817,209
9818,201
9819,77
9820,299
9821,360
9822,261
9823,79
9824,153
9825,297
9826,72
9827,164
9828,7
9829,213
9830,7
9831,153
9832,287
9833,4
9834,311
9835,73
9836,325
9837,58
9838,172
9839,358
9840,168
9841,141
9842,14
9843,61
9844,139
9845,318
9846,312
9847,152
9848,160
9849,17
9850,169
9851,328
9852,325
9853,69
9854,76
9855,82
9856,358
9857,272
9858,134
9859,303
9860,229
9861,283
9862,211
9863,235
9864,160
9865,28
9866,230
9867,133
9868,53
9869,41
9870,227
9871,168
9872,202
9873,344
9874,18
9875,216
9876,223
9877,106
9878,179
9879,8
9880,182
9881,187
9882,257
9883,247
9884,156
9885,283
9886,247
9887,191
9888,4
9889,327
9890,68
9891,312
9892,116
9893,117
9894,107
9895,286
9896,213
9897,160
9898,71
9899,107
9900,307
9901,31
9902,237
9903,209
9904,170
9905,36
9906,149
9907,26
9908,82
9909,183
9910,13
9911,101
9912,221
9913,241
9914,36
9915,82
9916,27
9917,4
9918,103
9919,178
9920,352
9921,50
9922,201
9923,155
9924,264
9925,7
9926,40
9927,192
9928,53
9929,196
9930,25
9931,186
9932,51
9933,310
9934,78
9935,17
9936,96
9937,195
9938,142
9939,331
9940,232
9941,343
9942,135
9943,54
9944,134
9945,186
9946,258
9947,279
9948,233
9949,306
9950,103
9951,322
9952,81
9953,43
9954,360
9955,206
9956,1
9957,162
9958,116
9959,342
9960,307
9961,151
9962,258
9963,232
9964,59
9965,233
9966,79
9967,339
9968,123
9969,34
9970,168
9971,55
9972,213
9973,166
9974,217
9975,337
9976,109
9977,157
9978,262
9979,211
9980,219
9981,192
9982,312
9983,278
9984,355
9985,337
9986,309
9987,337
9988,150
9989,178
9990,70
9991,205
9992,300
9993,272
9994,359
9995,162
9996,53
9997,4
9998,329
9999,87
