ImageID,label
0,9423
1,9423
2,9423
3,9423
4,9423
5,9423
6,9423
7,9423
8,9423
9,9423
10,9423
11,9423
12,9423
13,9423
14,9423
15,9423
16,9423
17,9423
18,9423
19,9423
20,9423
21,9423
22,9423
23,9423
24,9423
25,9423
26,9423
27,9423
28,9423
29,9423
30,9423
31,9423
32,9423
33,9423
34,9423
35,9423
36,9423
37,9423
38,9423
39,9423
40,9423
41,9423
42,9423
43,9423
44,9423
45,9423
46,9423
47,9423
48,9423
49,9423
50,9423
51,9423
52,9423
53,9423
54,9423
55,9423
56,9423
57,9423
58,9423
59,9423
60,9423
61,9423
62,9423
63,9423
64,9423
65,9423
66,9423
67,9423
68,9423
69,9423
70,9423
71,9423
72,9423
73,9423
74,9423
75,9423
76,9423
77,9423
78,9423
79,9423
80,9423
81,9423
82,9423
83,9423
84,9423
85,9423
86,9423
87,9423
88,9423
89,9423
90,9423
91,9423
92,9423
93,9423
94,9423
95,9423
96,9423
97,9423
98,9423
99,9423
100,9423
101,9423
102,9423
103,9423
104,9423
105,9423
106,9423
107,9423
108,9423
109,9423
110,9423
111,9423
112,9423
113,9423
114,9423
115,9423
116,9423
117,9423
118,9423
119,9423
120,9423
121,9423
122,9423
123,9423
124,9423
125,9423
126,9423
127,9423
128,9423
129,9423
130,9423
131,9423
132,9423
133,9423
134,9423
135,9423
136,9423
137,9423
138,9423
139,9423
140,9423
141,9423
142,9423
143,9423
144,9423
145,9423
146,9423
147,9423
148,9423
149,9423
150,9423
151,9423
152,9423
153,9423
154,9423
155,9423
156,9423
157,9423
158,9423
159,9423
160,9423
161,9423
162,9423
163,9423
164,9423
165,9423
166,9423
167,9423
168,9423
169,9423
170,9423
171,9423
172,9423
173,9423
174,9423
175,9423
176,9423
177,9423
178,9423
179,9423
180,9423
181,9423
182,9423
183,9423
184,9423
185,9423
186,9423
187,9423
188,9423
189,9423
190,9423
191,9423
192,9423
193,9423
194,9423
195,9423
196,9423
197,9423
198,9423
199,9423
200,9423
201,9423
202,9423
203,9423
204,9423
205,9423
206,9423
207,9423
208,9423
209,9423
210,9423
211,9423
212,9423
213,9423
214,9423
215,9423
216,9423
217,9423
218,9423
219,9423
220,9423
221,9423
222,9423
223,9423
224,9423
225,9423
226,9423
227,9423
228,9423
229,9423
230,9423
231,9423
232,9423
233,9423
234,9423
235,9423
236,9423
237,9423
238,9423
239,9423
240,9423
241,9423
242,9423
243,9423
244,9423
245,9423
246,9423
247,9423
248,9423
249,9423
250,9423
251,9423
252,9423
253,9423
254,9423
255,9423
256,9423
257,9423
258,9423
259,9423
260,9423
261,9423
262,9423
263,9423
264,9423
265,9423
266,9423
267,9423
268,9423
269,9423
270,9423
271,9423
272,9423
273,9423
274,9423
275,9423
276,9423
277,9423
278,9423
279,9423
280,9423
281,9423
282,9423
283,9423
284,9423
285,9423
286,9423
287,9423
288,9423
289,9423
290,9423
291,9423
292,9423
293,9423
294,9423
295,9423
296,9423
297,9423
298,9423
299,9423
300,9423
301,9423
302,9423
303,9423
304,9423
305,9423
306,9423
307,9423
308,9423
309,9423
310,9423
311,9423
312,9423
313,9423
314,9423
315,9423
316,9423
317,9423
318,9423
319,9423
320,9423
321,9423
322,9423
323,9423
324,9423
325,9423
326,9423
327,9423
328,9423
329,9423
330,9423
331,9423
332,9423
333,9423
334,9423
335,9423
336,9423
337,9423
338,9423
339,9423
340,9423
341,9423
342,9423
343,9423
344,9423
345,9423
346,9423
347,9423
348,9423
349,9423
350,9423
351,9423
352,9423
353,9423
354,9423
355,9423
356,9423
357,9423
358,9423
359,9423
360,9423
361,9423
362,9423
363,9423
364,9423
365,9423
366,9423
367,9423
368,9423
369,9423
370,9423
371,9423
372,9423
373,9423
374,9423
375,9423
376,9423
377,9423
378,9423
379,9423
380,9423
381,9423
382,9423
383,9423
384,9423
385,9423
386,9423
387,9423
388,9423
389,9423
390,9423
391,9423
392,9423
393,9423
394,9423
395,9423
396,9423
397,9423
398,9423
399,9423
400,9423
401,9423
402,9423
403,9423
404,9423
405,9423
406,9423
407,9423
408,9423
409,9423
410,9423
411,9423
412,9423
413,9423
414,9423
415,9423
416,9423
417,9423
418,9423
419,9423
420,9423
421,9423
422,9423
423,9423
424,9423
425,9423
426,9423
427,9423
428,9423
429,9423
430,9423
431,9423
432,9423
433,9423
434,9423
435,9423
436,9423
437,9423
438,9423
439,9423
440,9423
441,9423
442,9423
443,9423
444,9423
445,9423
446,9423
447,9423
448,9423
449,9423
450,9423
451,9423
452,9423
453,9423
454,9423
455,9423
456,9423
457,9423
458,9423
459,9423
460,9423
461,9423
462,9423
463,9423
464,9423
465,9423
466,9423
467,9423
468,9423
469,9423
470,9423
471,9423
472,9423
473,9423
474,9423
475,9423
476,9423
477,9423
478,9423
479,9423
480,9423
481,9423
482,9423
483,9423
484,9423
485,9423
486,9423
487,9423
488,9423
489,9423
490,9423
491,9423
492,9423
493,9423
494,9423
495,9423
496,9423
497,9423
498,9423
499,9423
500,9423
501,9423
502,9423
503,9423
504,9423
505,9423
506,9423
507,9423
508,9423
509,9423
510,9423
511,9423
512,9423
513,9423
514,9423
515,9423
516,9423
517,9423
518,9423
519,9423
520,9423
521,9423
522,9423
523,9423
524,9423
525,9423
526,9423
527,9423
528,9423
529,9423
530,9423
531,9423
532,9423
533,9423
534,9423
535,9423
536,9423
537,9423
538,9423
539,9423
540,9423
541,9423
542,9423
543,9423
544,9423
545,9423
546,9423
547,9423
548,9423
549,9423
550,9423
551,9423
552,9423
553,9423
554,9423
555,9423
556,9423
557,9423
558,9423
559,9423
560,9423
561,9423
562,9423
563,9423
564,9423
565,9423
566,9423
567,9423
568,9423
569,9423
570,9423
571,9423
572,9423
573,9423
574,9423
575,9423
576,9423
577,9423
578,9423
579,9423
580,9423
581,9423
582,9423
583,9423
584,9423
585,9423
586,9423
587,9423
588,9423
589,9423
590,9423
591,9423
592,9423
593,9423
594,9423
595,9423
596,9423
597,9423
598,9423
599,9423
600,9423
601,9423
602,9423
603,9423
604,9423
605,9423
606,9423
607,9423
608,9423
609,9423
610,9423
611,9423
612,9423
613,9423
614,9423
615,9423
616,9423
617,9423
618,9423
619,9423
620,9423
621,9423
622,9423
623,9423
624,9423
625,9423
626,9423
627,9423
628,9423
629,9423
630,9423
631,9423
632,9423
633,9423
634,9423
635,9423
636,9423
637,9423
638,9423
639,9423
640,9423
641,9423
642,9423
643,9423
644,9423
645,9423
646,9423
647,9423
648,9423
649,9423
650,9423
651,9423
652,9423
653,9423
654,9423
655,9423
656,9423
657,9423
658,9423
659,9423
660,9423
661,9423
662,9423
663,9423
664,9423
665,9423
666,9423
667,9423
668,9423
669,9423
670,9423
671,9423
672,9423
673,9423
674,9423
675,9423
676,9423
677,9423
678,9423
679,9423
680,9423
681,9423
682,9423
683,9423
684,9423
685,9423
686,9423
687,9423
688,9423
689,9423
690,9423
691,9423
692,9423
693,9423
694,9423
695,9423
696,9423
697,9423
698,9423
699,9423
700,9423
701,9423
702,9423
703,9423
704,9423
705,9423
706,9423
707,9423
708,9423
709,9423
710,9423
711,9423
712,9423
713,9423
714,9423
715,9423
716,9423
717,9423
718,9423
719,9423
720,9423
721,9423
722,9423
723,9423
724,9423
725,9423
726,9423
727,9423
728,9423
729,9423
730,9423
731,9423
732,9423
733,9423
734,9423
735,9423
736,9423
737,9423
738,9423
739,9423
740,9423
741,9423
742,9423
743,9423
744,9423
745,9423
746,9423
747,9423
748,9423
749,9423
750,9423
751,9423
752,9423
753,9423
754,9423
755,9423
756,9423
757,9423
758,9423
759,9423
760,9423
761,9423
762,9423
763,9423
764,9423
765,9423
766,9423
767,9423
768,9423
769,9423
770,9423
771,9423
772,9423
773,9423
774,9423
775,9423
776,9423
777,9423
778,9423
779,9423
780,9423
781,9423
782,9423
783,9423
784,9423
785,9423
786,9423
787,9423
788,9423
789,9423
790,9423
791,9423
792,9423
793,9423
794,9423
795,9423
796,9423
797,9423
798,9423
799,9423
800,9423
801,9423
802,9423
803,9423
804,9423
805,9423
806,9423
807,9423
808,9423
809,9423
810,9423
811,9423
812,9423
813,9423
814,9423
815,9423
816,9423
817,9423
818,9423
819,9423
820,9423
821,9423
822,9423
823,9423
824,9423
825,9423
826,9423
827,9423
828,9423
829,9423
830,9423
831,9423
832,9423
833,9423
834,9423
835,9423
836,9423
837,9423
838,9423
839,9423
840,9423
841,9423
842,9423
843,9423
844,9423
845,9423
846,9423
847,9423
848,9423
849,9423
850,9423
851,9423
852,9423
853,9423
854,9423
855,9423
856,9423
857,9423
858,9423
859,9423
860,9423
861,9423
862,9423
863,9423
864,9423
865,9423
866,9423
867,9423
868,9423
869,9423
870,9423
871,9423
872,9423
873,9423
874,9423
875,9423
876,9423
877,9423
878,9423
879,9423
880,9423
881,9423
882,9423
883,9423
884,9423
885,9423
886,9423
887,9423
888,9423
889,9423
890,9423
891,9423
892,9423
893,9423
894,9423
895,9423
896,9423
897,9423
898,9423
899,9423
900,9423
901,9423
902,9423
903,9423
904,9423
905,9423
906,9423
907,9423
908,9423
909,9423
910,9423
911,9423
912,9423
913,9423
914,9423
915,9423
916,9423
917,9423
918,9423
919,9423
920,9423
921,9423
922,9423
923,9423
924,9423
925,9423
926,9423
927,9423
928,9423
929,9423
930,9423
931,9423
932,9423
933,9423
934,9423
935,9423
936,9423
937,9423
938,9423
939,9423
940,9423
941,9423
942,9423
943,9423
944,9423
945,9423
946,9423
947,9423
948,9423
949,9423
950,9423
951,9423
952,9423
953,9423
954,9423
955,9423
956,9423
957,9423
958,9423
959,9423
960,9423
961,9423
962,9423
963,9423
964,9423
965,9423
966,9423
967,9423
968,9423
969,9423
970,9423
971,9423
972,9423
973,9423
974,9423
975,9423
976,9423
977,9423
978,9423
979,9423
980,9423
981,9423
982,9423
983,9423
984,9423
985,9423
986,9423
987,9423
988,9423
989,9423
990,9423
991,9423
992,9423
993,9423
994,9423
995,9423
996,9423
997,9423
998,9423
999,9423
1000,9423
1001,9423
1002,9423
1003,9423
1004,9423
1005,9423
1006,9423
1007,9423
1008,9423
1009,9423
1010,9423
1011,9423
1012,9423
1013,9423
1014,9423
1015,9423
1016,9423
1017,9423
1018,9423
1019,9423
1020,9423
1021,9423
1022,9423
1023,9423
1024,9423
1025,9423
1026,9423
1027,9423
1028,9423
1029,9423
1030,9423
1031,9423
1032,9423
1033,9423
1034,9423
1035,9423
1036,9423
1037,9423
1038,9423
1039,9423
1040,9423
1041,9423
1042,9423
1043,9423
1044,9423
1045,9423
1046,9423
1047,9423
1048,9423
1049,9423
1050,9423
1051,9423
1052,9423
1053,9423
1054,9423
1055,9423
1056,9423
1057,9423
1058,9423
1059,9423
1060,9423
1061,9423
1062,9423
1063,9423
1064,9423
1065,9423
1066,9423
1067,9423
1068,9423
1069,9423
1070,9423
1071,9423
1072,9423
1073,9423
1074,9423
1075,9423
1076,9423
1077,9423
1078,9423
1079,9423
1080,9423
1081,9423
1082,9423
1083,9423
1084,9423
1085,9423
1086,9423
1087,9423
1088,9423
1089,9423
1090,9423
1091,9423
1092,9423
1093,9423
1094,9423
1095,9423
1096,9423
1097,9423
1098,9423
1099,9423
1100,9423
1101,9423
1102,9423
1103,9423
1104,9423
1105,9423
1106,9423
1107,9423
1108,9423
1109,9423
1110,9423
1111,9423
1112,9423
1113,9423
1114,9423
1115,9423
1116,9423
1117,9423
1118,9423
1119,9423
1120,9423
1121,9423
1122,9423
1123,9423
1124,9423
1125,9423
1126,9423
1127,9423
1128,9423
1129,9423
1130,9423
1131,9423
1132,9423
1133,9423
1134,9423
1135,9423
1136,9423
1137,9423
1138,9423
1139,9423
1140,9423
1141,9423
1142,9423
1143,9423
1144,9423
1145,9423
1146,9423
1147,9423
1148,9423
1149,9423
1150,9423
1151,9423
1152,9423
1153,9423
1154,9423
1155,9423
1156,9423
1157,9423
1158,9423
1159,9423
1160,9423
1161,9423
1162,9423
1163,9423
1164,9423
1165,9423
1166,9423
1167,9423
1168,9423
1169,9423
1170,9423
1171,9423
1172,9423
1173,9423
1174,9423
1175,9423
1176,9423
1177,9423
1178,9423
1179,9423
1180,9423
1181,9423
1182,9423
1183,9423
1184,9423
1185,9423
1186,9423
1187,9423
1188,9423
1189,9423
1190,9423
1191,9423
1192,9423
1193,9423
1194,9423
1195,9423
1196,9423
1197,9423
1198,9423
1199,9423
1200,9423
1201,9423
1202,9423
1203,9423
1204,9423
1205,9423
1206,9423
1207,9423
1208,9423
1209,9423
1210,9423
1211,9423
1212,9423
1213,9423
1214,9423
1215,9423
1216,9423
1217,9423
1218,9423
1219,9423
1220,9423
1221,9423
1222,9423
1223,9423
1224,9423
1225,9423
1226,9423
1227,9423
1228,9423
1229,9423
1230,9423
1231,9423
1232,9423
1233,9423
1234,9423
1235,9423
1236,9423
1237,9423
1238,9423
1239,9423
1240,9423
1241,9423
1242,9423
1243,9423
1244,9423
1245,9423
1246,9423
1247,9423
1248,9423
1249,9423
1250,9423
1251,9423
1252,9423
1253,9423
1254,9423
1255,9423
1256,9423
1257,9423
1258,9423
1259,9423
1260,9423
1261,9423
1262,9423
1263,9423
1264,9423
1265,9423
1266,9423
1267,9423
1268,9423
1269,9423
1270,9423
1271,9423
1272,9423
1273,9423
1274,9423
1275,9423
1276,9423
1277,9423
1278,9423
1279,9423
1280,9423
1281,9423
1282,9423
1283,9423
1284,9423
1285,9423
1286,9423
1287,9423
1288,9423
1289,9423
1290,9423
1291,9423
1292,9423
1293,9423
1294,9423
1295,9423
1296,9423
1297,9423
1298,9423
1299,9423
1300,9423
1301,9423
1302,9423
1303,9423
1304,9423
1305,9423
1306,9423
1307,9423
1308,9423
1309,9423
1310,9423
1311,9423
1312,9423
1313,9423
1314,9423
1315,9423
1316,9423
1317,9423
1318,9423
1319,9423
1320,9423
1321,9423
1322,9423
1323,9423
1324,9423
1325,9423
1326,9423
1327,9423
1328,9423
1329,9423
1330,9423
1331,9423
1332,9423
1333,9423
1334,9423
1335,9423
1336,9423
1337,9423
1338,9423
1339,9423
1340,9423
1341,9423
1342,9423
1343,9423
1344,9423
1345,9423
1346,9423
1347,9423
1348,9423
1349,9423
1350,9423
1351,9423
1352,9423
1353,9423
1354,9423
1355,9423
1356,9423
1357,9423
1358,9423
1359,9423
1360,9423
1361,9423
1362,9423
1363,9423
1364,9423
1365,9423
1366,9423
1367,9423
1368,9423
1369,9423
1370,9423
1371,9423
1372,9423
1373,9423
1374,9423
1375,9423
1376,9423
1377,9423
1378,9423
1379,9423
1380,9423
1381,9423
1382,9423
1383,9423
1384,9423
1385,9423
1386,9423
1387,9423
1388,9423
1389,9423
1390,9423
1391,9423
1392,9423
1393,9423
1394,9423
1395,9423
1396,9423
1397,9423
1398,9423
1399,9423
1400,9423
1401,9423
1402,9423
1403,9423
1404,9423
1405,9423
1406,9423
1407,9423
1408,9423
1409,9423
1410,9423
1411,9423
1412,9423
1413,9423
1414,9423
1415,9423
1416,9423
1417,9423
1418,9423
1419,9423
1420,9423
1421,9423
1422,9423
1423,9423
1424,9423
1425,9423
1426,9423
1427,9423
1428,9423
1429,9423
1430,9423
1431,9423
1432,9423
1433,9423
1434,9423
1435,9423
1436,9423
1437,9423
1438,9423
1439,9423
1440,9423
1441,9423
1442,9423
1443,9423
1444,9423
1445,9423
1446,9423
1447,9423
1448,9423
1449,9423
1450,9423
1451,9423
1452,9423
1453,9423
1454,9423
1455,9423
1456,9423
1457,9423
1458,9423
1459,9423
1460,9423
1461,9423
1462,9423
1463,9423
1464,9423
1465,9423
1466,9423
1467,9423
1468,9423
1469,9423
1470,9423
1471,9423
1472,9423
1473,9423
1474,9423
1475,9423
1476,9423
1477,9423
1478,9423
1479,9423
1480,9423
1481,9423
1482,9423
1483,9423
1484,9423
1485,9423
1486,9423
1487,9423
1488,9423
1489,9423
1490,9423
1491,9423
1492,9423
1493,9423
1494,9423
1495,9423
1496,9423
1497,9423
1498,9423
1499,9423
1500,9423
1501,9423
1502,9423
1503,9423
1504,9423
1505,9423
1506,9423
1507,9423
1508,9423
1509,9423
1510,9423
1511,9423
1512,9423
1513,9423
1514,9423
1515,9423
1516,9423
1517,9423
1518,9423
1519,9423
1520,9423
1521,9423
1522,9423
1523,9423
1524,9423
1525,9423
1526,9423
1527,9423
1528,9423
1529,9423
1530,9423
1531,9423
1532,9423
1533,9423
1534,9423
1535,9423
1536,9423
1537,9423
1538,9423
1539,9423
1540,9423
1541,9423
1542,9423
1543,9423
1544,9423
1545,9423
1546,9423
1547,9423
1548,9423
1549,9423
1550,9423
1551,9423
1552,9423
1553,9423
1554,9423
1555,9423
1556,9423
1557,9423
1558,9423
1559,9423
1560,9423
1561,9423
1562,9423
1563,9423
1564,9423
1565,9423
1566,9423
1567,9423
1568,9423
1569,9423
1570,9423
1571,9423
1572,9423
1573,9423
1574,9423
1575,9423
1576,9423
1577,9423
1578,9423
1579,9423
1580,9423
1581,9423
1582,9423
1583,9423
1584,9423
1585,9423
1586,9423
1587,9423
1588,9423
1589,9423
1590,9423
1591,9423
1592,9423
1593,9423
1594,9423
1595,9423
1596,9423
1597,9423
1598,9423
1599,9423
1600,9423
1601,9423
1602,9423
1603,9423
1604,9423
1605,9423
1606,9423
1607,9423
1608,9423
1609,9423
1610,9423
1611,9423
1612,9423
1613,9423
1614,9423
1615,9423
1616,9423
1617,9423
1618,9423
1619,9423
1620,9423
1621,9423
1622,9423
1623,9423
1624,9423
1625,9423
1626,9423
1627,9423
1628,9423
1629,9423
1630,9423
1631,9423
1632,9423
1633,9423
1634,9423
1635,9423
1636,9423
1637,9423
1638,9423
1639,9423
1640,9423
1641,9423
1642,9423
1643,9423
1644,9423
1645,9423
1646,9423
1647,9423
1648,9423
1649,9423
1650,9423
1651,9423
1652,9423
1653,9423
1654,9423
1655,9423
1656,9423
1657,9423
1658,9423
1659,9423
1660,9423
1661,9423
1662,9423
1663,9423
1664,9423
1665,9423
1666,9423
1667,9423
1668,9423
1669,9423
1670,9423
1671,9423
1672,9423
1673,9423
1674,9423
1675,9423
1676,9423
1677,9423
1678,9423
1679,9423
1680,9423
1681,9423
1682,9423
1683,9423
1684,9423
1685,9423
1686,9423
1687,9423
1688,9423
1689,9423
1690,9423
1691,9423
1692,9423
1693,9423
1694,9423
1695,9423
1696,9423
1697,9423
1698,9423
1699,9423
1700,9423
1701,9423
1702,9423
1703,9423
1704,9423
1705,9423
1706,9423
1707,9423
1708,9423
1709,9423
1710,9423
1711,9423
1712,9423
1713,9423
1714,9423
1715,9423
1716,9423
1717,9423
1718,9423
1719,9423
1720,9423
1721,9423
1722,9423
1723,9423
1724,9423
1725,9423
1726,9423
1727,9423
1728,9423
1729,9423
1730,9423
1731,9423
1732,9423
1733,9423
1734,9423
1735,9423
1736,9423
1737,9423
1738,9423
1739,9423
1740,9423
1741,9423
1742,9423
1743,9423
1744,9423
1745,9423
1746,9423
1747,9423
1748,9423
1749,9423
1750,9423
1751,9423
1752,9423
1753,9423
1754,9423
1755,9423
1756,9423
1757,9423
1758,9423
1759,9423
1760,9423
1761,9423
1762,9423
1763,9423
1764,9423
1765,9423
1766,9423
1767,9423
1768,9423
1769,9423
1770,9423
1771,9423
1772,9423
1773,9423
1774,9423
1775,9423
1776,9423
1777,9423
1778,9423
1779,9423
1780,9423
1781,9423
1782,9423
1783,9423
1784,9423
1785,9423
1786,9423
1787,9423
1788,9423
1789,9423
1790,9423
1791,9423
1792,9423
1793,9423
1794,9423
1795,9423
1796,9423
1797,9423
1798,9423
1799,9423
1800,9423
1801,9423
1802,9423
1803,9423
1804,9423
1805,9423
1806,9423
1807,9423
1808,9423
1809,9423
1810,9423
1811,9423
1812,9423
1813,9423
1814,9423
1815,9423
1816,9423
1817,9423
1818,9423
1819,9423
1820,9423
1821,9423
1822,9423
1823,9423
1824,9423
1825,9423
1826,9423
1827,9423
1828,9423
1829,9423
1830,9423
1831,9423
1832,9423
1833,9423
1834,9423
1835,9423
1836,9423
1837,9423
1838,9423
1839,9423
1840,9423
1841,9423
1842,9423
1843,9423
1844,9423
1845,9423
1846,9423
1847,9423
1848,9423
1849,9423
1850,9423
1851,9423
1852,9423
1853,9423
1854,9423
1855,9423
1856,9423
1857,9423
1858,9423
1859,9423
1860,9423
1861,9423
1862,9423
1863,9423
1864,9423
1865,9423
1866,9423
1867,9423
1868,9423
1869,9423
1870,9423
1871,9423
1872,9423
1873,9423
1874,9423
1875,9423
1876,9423
1877,9423
1878,9423
1879,9423
1880,9423
1881,9423
1882,9423
1883,9423
1884,9423
1885,9423
1886,9423
1887,9423
1888,9423
1889,9423
1890,9423
1891,9423
1892,9423
1893,9423
1894,9423
1895,9423
1896,9423
1897,9423
1898,9423
1899,9423
1900,9423
1901,9423
1902,9423
1903,9423
1904,9423
1905,9423
1906,9423
1907,9423
1908,9423
1909,9423
1910,9423
1911,9423
1912,9423
1913,9423
1914,9423
1915,9423
1916,9423
1917,9423
1918,9423
1919,9423
1920,9423
1921,9423
1922,9423
1923,9423
1924,9423
1925,9423
1926,9423
1927,9423
1928,9423
1929,9423
1930,9423
1931,9423
1932,9423
1933,9423
1934,9423
1935,9423
1936,9423
1937,9423
1938,9423
1939,9423
1940,9423
1941,9423
1942,9423
1943,9423
1944,9423
1945,9423
1946,9423
1947,9423
1948,9423
1949,9423
1950,9423
1951,9423
1952,9423
1953,9423
1954,9423
1955,9423
1956,9423
1957,9423
1958,9423
1959,9423
1960,9423
1961,9423
1962,9423
1963,9423
1964,9423
1965,9423
1966,9423
1967,9423
1968,9423
1969,9423
1970,9423
1971,9423
1972,9423
1973,9423
1974,9423
1975,9423
1976,9423
1977,9423
1978,9423
1979,9423
1980,9423
1981,9423
1982,9423
1983,9423
1984,9423
1985,9423
1986,9423
1987,9423
1988,9423
1989,9423
1990,9423
1991,9423
1992,9423
1993,9423
1994,9423
1995,9423
1996,9423
1997,9423
1998,9423
1999,9423
2000,9423
2001,9423
2002,9423
2003,9423
2004,9423
2005,9423
2006,9423
2007,9423
2008,9423
2009,9423
2010,9423
2011,9423
2012,9423
2013,9423
2014,9423
2015,9423
2016,9423
2017,9423
2018,9423
2019,9423
2020,9423
2021,9423
2022,9423
2023,9423
2024,9423
2025,9423
2026,9423
2027,9423
2028,9423
2029,9423
2030,9423
2031,9423
2032,9423
2033,9423
2034,9423
2035,9423
2036,9423
2037,9423
2038,9423
2039,9423
2040,9423
2041,9423
2042,9423
2043,9423
2044,9423
2045,9423
2046,9423
2047,9423
2048,9423
2049,9423
2050,9423
2051,9423
2052,9423
2053,9423
2054,9423
2055,9423
2056,9423
2057,9423
2058,9423
2059,9423
2060,9423
2061,9423
2062,9423
2063,9423
2064,9423
2065,9423
2066,9423
2067,9423
2068,9423
2069,9423
2070,9423
2071,9423
2072,9423
2073,9423
2074,9423
2075,9423
2076,9423
2077,9423
2078,9423
2079,9423
2080,9423
2081,9423
2082,9423
2083,9423
2084,9423
2085,9423
2086,9423
2087,9423
2088,9423
2089,9423
2090,9423
2091,9423
2092,9423
2093,9423
2094,9423
2095,9423
2096,9423
2097,9423
2098,9423
2099,9423
2100,9423
2101,9423
2102,9423
2103,9423
2104,9423
2105,9423
2106,9423
2107,9423
2108,9423
2109,9423
2110,9423
2111,9423
2112,9423
2113,9423
2114,9423
2115,9423
2116,9423
2117,9423
2118,9423
2119,9423
2120,9423
2121,9423
2122,9423
2123,9423
2124,9423
2125,9423
2126,9423
2127,9423
2128,9423
2129,9423
2130,9423
2131,9423
2132,9423
2133,9423
2134,9423
2135,9423
2136,9423
2137,9423
2138,9423
2139,9423
2140,9423
2141,9423
2142,9423
2143,9423
2144,9423
2145,9423
2146,9423
2147,9423
2148,9423
2149,9423
2150,9423
2151,9423
2152,9423
2153,9423
2154,9423
2155,9423
2156,9423
2157,9423
2158,9423
2159,9423
2160,9423
2161,9423
2162,9423
2163,9423
2164,9423
2165,9423
2166,9423
2167,9423
2168,9423
2169,9423
2170,9423
2171,9423
2172,9423
2173,9423
2174,9423
2175,9423
2176,9423
2177,9423
2178,9423
2179,9423
2180,9423
2181,9423
2182,9423
2183,9423
2184,9423
2185,9423
2186,9423
2187,9423
2188,9423
2189,9423
2190,9423
2191,9423
2192,9423
2193,9423
2194,9423
2195,9423
2196,9423
2197,9423
2198,9423
2199,9423
2200,9423
2201,9423
2202,9423
2203,9423
2204,9423
2205,9423
2206,9423
2207,9423
2208,9423
2209,9423
2210,9423
2211,9423
2212,9423
2213,9423
2214,9423
2215,9423
2216,9423
2217,9423
2218,9423
2219,9423
2220,9423
2221,9423
2222,9423
2223,9423
2224,9423
2225,9423
2226,9423
2227,9423
2228,9423
2229,9423
2230,9423
2231,9423
2232,9423
2233,9423
2234,9423
2235,9423
2236,9423
2237,9423
2238,9423
2239,9423
2240,9423
2241,9423
2242,9423
2243,9423
2244,9423
2245,9423
2246,9423
2247,9423
2248,9423
2249,9423
2250,9423
2251,9423
2252,9423
2253,9423
2254,9423
2255,9423
2256,9423
2257,9423
2258,9423
2259,9423
2260,9423
2261,9423
2262,9423
2263,9423
2264,9423
2265,9423
2266,9423
2267,9423
2268,9423
2269,9423
2270,9423
2271,9423
2272,9423
2273,9423
2274,9423
2275,9423
2276,9423
2277,9423
2278,9423
2279,9423
2280,9423
2281,9423
2282,9423
2283,9423
2284,9423
2285,9423
2286,9423
2287,9423
2288,9423
2289,9423
2290,9423
2291,9423
2292,9423
2293,9423
2294,9423
2295,9423
2296,9423
2297,9423
2298,9423
2299,9423
2300,9423
2301,9423
2302,9423
2303,9423
2304,9423
2305,9423
2306,9423
2307,9423
2308,9423
2309,9423
2310,9423
2311,9423
2312,9423
2313,9423
2314,9423
2315,9423
2316,9423
2317,9423
2318,9423
2319,9423
2320,9423
2321,9423
2322,9423
2323,9423
2324,9423
2325,9423
2326,9423
2327,9423
2328,9423
2329,9423
2330,9423
2331,9423
2332,9423
2333,9423
2334,9423
2335,9423
2336,9423
2337,9423
2338,9423
2339,9423
2340,9423
2341,9423
2342,9423
2343,9423
2344,9423
2345,9423
2346,9423
2347,9423
2348,9423
2349,9423
2350,9423
2351,9423
2352,9423
2353,9423
2354,9423
2355,9423
2356,9423
2357,9423
2358,9423
2359,9423
2360,9423
2361,9423
2362,9423
2363,9423
2364,9423
2365,9423
2366,9423
2367,9423
2368,9423
2369,9423
2370,9423
2371,9423
2372,9423
2373,9423
2374,9423
2375,9423
2376,9423
2377,9423
2378,9423
2379,9423
2380,9423
2381,9423
2382,9423
2383,9423
2384,9423
2385,9423
2386,9423
2387,9423
2388,9423
2389,9423
2390,9423
2391,9423
2392,9423
2393,9423
2394,9423
2395,9423
2396,9423
2397,9423
2398,9423
2399,9423
2400,9423
2401,9423
2402,9423
2403,9423
2404,9423
2405,9423
2406,9423
2407,9423
2408,9423
2409,9423
2410,9423
2411,9423
2412,9423
2413,9423
2414,9423
2415,9423
2416,9423
2417,9423
2418,9423
2419,9423
2420,9423
2421,9423
2422,9423
2423,9423
2424,9423
2425,9423
2426,9423
2427,9423
2428,9423
2429,9423
2430,9423
2431,9423
2432,9423
2433,9423
2434,9423
2435,9423
2436,9423
2437,9423
2438,9423
2439,9423
2440,9423
2441,9423
2442,9423
2443,9423
2444,9423
2445,9423
2446,9423
2447,9423
2448,9423
2449,9423
2450,9423
2451,9423
2452,9423
2453,9423
2454,9423
2455,9423
2456,9423
2457,9423
2458,9423
2459,9423
2460,9423
2461,9423
2462,9423
2463,9423
2464,9423
2465,9423
2466,9423
2467,9423
2468,9423
2469,9423
2470,9423
2471,9423
2472,9423
2473,9423
2474,9423
2475,9423
2476,9423
2477,9423
2478,9423
2479,9423
2480,9423
2481,9423
2482,9423
2483,9423
2484,9423
2485,9423
2486,9423
2487,9423
2488,9423
2489,9423
2490,9423
2491,9423
2492,9423
2493,9423
2494,9423
2495,9423
2496,9423
2497,9423
2498,9423
2499,9423
2500,9423
2501,9423
2502,9423
2503,9423
2504,9423
2505,9423
2506,9423
2507,9423
2508,9423
2509,9423
2510,9423
2511,9423
2512,9423
2513,9423
2514,9423
2515,9423
2516,9423
2517,9423
2518,9423
2519,9423
2520,9423
2521,9423
2522,9423
2523,9423
2524,9423
2525,9423
2526,9423
2527,9423
2528,9423
2529,9423
2530,9423
2531,9423
2532,9423
2533,9423
2534,9423
2535,9423
2536,9423
2537,9423
2538,9423
2539,9423
2540,9423
2541,9423
2542,9423
2543,9423
2544,9423
2545,9423
2546,9423
2547,9423
2548,9423
2549,9423
2550,9423
2551,9423
2552,9423
2553,9423
2554,9423
2555,9423
2556,9423
2557,9423
2558,9423
2559,9423
2560,9423
2561,9423
2562,9423
2563,9423
2564,9423
2565,9423
2566,9423
2567,9423
2568,9423
2569,9423
2570,9423
2571,9423
2572,9423
2573,9423
2574,9423
2575,9423
2576,9423
2577,9423
2578,9423
2579,9423
2580,9423
2581,9423
2582,9423
2583,9423
2584,9423
2585,9423
2586,9423
2587,9423
2588,9423
2589,9423
2590,9423
2591,9423
2592,9423
2593,9423
2594,9423
2595,9423
2596,9423
2597,9423
2598,9423
2599,9423
2600,9423
2601,9423
2602,9423
2603,9423
2604,9423
2605,9423
2606,9423
2607,9423
2608,9423
2609,9423
2610,9423
2611,9423
2612,9423
2613,9423
2614,9423
2615,9423
2616,9423
2617,9423
2618,9423
2619,9423
2620,9423
2621,9423
2622,9423
2623,9423
2624,9423
2625,9423
2626,9423
2627,9423
2628,9423
2629,9423
2630,9423
2631,9423
2632,9423
2633,9423
2634,9423
2635,9423
2636,9423
2637,9423
2638,9423
2639,9423
2640,9423
2641,9423
2642,9423
2643,9423
2644,9423
2645,9423
2646,9423
2647,9423
2648,9423
2649,9423
2650,9423
2651,9423
2652,9423
2653,9423
2654,9423
2655,9423
2656,9423
2657,9423
2658,9423
2659,9423
2660,9423
2661,9423
2662,9423
2663,9423
2664,9423
2665,9423
2666,9423
2667,9423
2668,9423
2669,9423
2670,9423
2671,9423
2672,9423
2673,9423
2674,9423
2675,9423
2676,9423
2677,9423
2678,9423
2679,9423
2680,9423
2681,9423
2682,9423
2683,9423
2684,9423
2685,9423
2686,9423
2687,9423
2688,9423
2689,9423
2690,9423
2691,9423
2692,9423
2693,9423
2694,9423
2695,9423
2696,9423
2697,9423
2698,9423
2699,9423
2700,9423
2701,9423
2702,9423
2703,9423
2704,9423
2705,9423
2706,9423
2707,9423
2708,9423
2709,9423
2710,9423
2711,9423
2712,9423
2713,9423
2714,9423
2715,9423
2716,9423
2717,9423
2718,9423
2719,9423
2720,9423
2721,9423
2722,9423
2723,9423
2724,9423
2725,9423
2726,9423
2727,9423
2728,9423
2729,9423
2730,9423
2731,9423
2732,9423
2733,9423
2734,9423
2735,9423
2736,9423
2737,9423
2738,9423
2739,9423
2740,9423
2741,9423
2742,9423
2743,9423
2744,9423
2745,9423
2746,9423
2747,9423
2748,9423
2749,9423
2750,9423
2751,9423
2752,9423
2753,9423
2754,9423
2755,9423
2756,9423
2757,9423
2758,9423
2759,9423
2760,9423
2761,9423
2762,9423
2763,9423
2764,9423
2765,9423
2766,9423
2767,9423
2768,9423
2769,9423
2770,9423
2771,9423
2772,9423
2773,9423
2774,9423
2775,9423
2776,9423
2777,9423
2778,9423
2779,9423
2780,9423
2781,9423
2782,9423
2783,9423
2784,9423
2785,9423
2786,9423
2787,9423
2788,9423
2789,9423
2790,9423
2791,9423
2792,9423
2793,9423
2794,9423
2795,9423
2796,9423
2797,9423
2798,9423
2799,9423
2800,9423
2801,9423
2802,9423
2803,9423
2804,9423
2805,9423
2806,9423
2807,9423
2808,9423
2809,9423
2810,9423
2811,9423
2812,9423
2813,9423
2814,9423
2815,9423
2816,9423
2817,9423
2818,9423
2819,9423
2820,9423
2821,9423
2822,9423
2823,9423
2824,9423
2825,9423
2826,9423
2827,9423
2828,9423
2829,9423
2830,9423
2831,9423
2832,9423
2833,9423
2834,9423
2835,9423
2836,9423
2837,9423
2838,9423
2839,9423
2840,9423
2841,9423
2842,9423
2843,9423
2844,9423
2845,9423
2846,9423
2847,9423
2848,9423
2849,9423
2850,9423
2851,9423
2852,9423
2853,9423
2854,9423
2855,9423
2856,9423
2857,9423
2858,9423
2859,9423
2860,9423
2861,9423
2862,9423
2863,9423
2864,9423
2865,9423
2866,9423
2867,9423
2868,9423
2869,9423
2870,9423
2871,9423
2872,9423
2873,9423
2874,9423
2875,9423
2876,9423
2877,9423
2878,9423
2879,9423
2880,9423
2881,9423
2882,9423
2883,9423
2884,9423
2885,9423
2886,9423
2887,9423
2888,9423
2889,9423
2890,9423
2891,9423
2892,9423
2893,9423
2894,9423
2895,9423
2896,9423
2897,9423
2898,9423
2899,9423
2900,9423
2901,9423
2902,9423
2903,9423
2904,9423
2905,9423
2906,9423
2907,9423
2908,9423
2909,9423
2910,9423
2911,9423
2912,9423
2913,9423
2914,9423
2915,9423
2916,9423
2917,9423
2918,9423
2919,9423
2920,9423
2921,9423
2922,9423
2923,9423
2924,9423
2925,9423
2926,9423
2927,9423
2928,9423
2929,9423
2930,9423
2931,9423
2932,9423
2933,9423
2934,9423
2935,9423
2936,9423
2937,9423
2938,9423
2939,9423
2940,9423
2941,9423
2942,9423
2943,9423
2944,9423
2945,9423
2946,9423
2947,9423
2948,9423
2949,9423
2950,9423
2951,9423
2952,9423
2953,9423
2954,9423
2955,9423
2956,9423
2957,9423
2958,9423
2959,9423
2960,9423
2961,9423
2962,9423
2963,9423
2964,9423
2965,9423
2966,9423
2967,9423
2968,9423
2969,9423
2970,9423
2971,9423
2972,9423
2973,9423
2974,9423
2975,9423
2976,9423
2977,9423
2978,9423
2979,9423
2980,9423
2981,9423
2982,9423
2983,9423
2984,9423
2985,9423
2986,9423
2987,9423
2988,9423
2989,9423
2990,9423
2991,9423
2992,9423
2993,9423
2994,9423
2995,9423
2996,9423
2997,9423
2998,9423
2999,9423
3000,9423
3001,9423
3002,9423
3003,9423
3004,9423
3005,9423
3006,9423
3007,9423
3008,9423
3009,9423
3010,9423
3011,9423
3012,9423
3013,9423
3014,9423
3015,9423
3016,9423
3017,9423
3018,9423
3019,9423
3020,9423
3021,9423
3022,9423
3023,9423
3024,9423
3025,9423
3026,9423
3027,9423
3028,9423
3029,9423
3030,9423
3031,9423
3032,9423
3033,9423
3034,9423
3035,9423
3036,9423
3037,9423
3038,9423
3039,9423
3040,9423
3041,9423
3042,9423
3043,9423
3044,9423
3045,9423
3046,9423
3047,9423
3048,9423
3049,9423
3050,9423
3051,9423
3052,9423
3053,9423
3054,9423
3055,9423
3056,9423
3057,9423
3058,9423
3059,9423
3060,9423
3061,9423
3062,9423
3063,9423
3064,9423
3065,9423
3066,9423
3067,9423
3068,9423
3069,9423
3070,9423
3071,9423
3072,9423
3073,9423
3074,9423
3075,9423
3076,9423
3077,9423
3078,9423
3079,9423
3080,9423
3081,9423
3082,9423
3083,9423
3084,9423
3085,9423
3086,9423
3087,9423
3088,9423
3089,9423
3090,9423
3091,9423
3092,9423
3093,9423
3094,9423
3095,9423
3096,9423
3097,9423
3098,9423
3099,9423
3100,9423
3101,9423
3102,9423
3103,9423
3104,9423
3105,9423
3106,9423
3107,9423
3108,9423
3109,9423
3110,9423
3111,9423
3112,9423
3113,9423
3114,9423
3115,9423
3116,9423
3117,9423
3118,9423
3119,9423
3120,9423
3121,9423
3122,9423
3123,9423
3124,9423
3125,9423
3126,9423
3127,9423
3128,9423
3129,9423
3130,9423
3131,9423
3132,9423
3133,9423
3134,9423
3135,9423
3136,9423
3137,9423
3138,9423
3139,9423
3140,9423
3141,9423
3142,9423
3143,9423
3144,9423
3145,9423
3146,9423
3147,9423
3148,9423
3149,9423
3150,9423
3151,9423
3152,9423
3153,9423
3154,9423
3155,9423
3156,9423
3157,9423
3158,9423
3159,9423
3160,9423
3161,9423
3162,9423
3163,9423
3164,9423
3165,9423
3166,9423
3167,9423
3168,9423
3169,9423
3170,9423
3171,9423
3172,9423
3173,9423
3174,9423
3175,9423
3176,9423
3177,9423
3178,9423
3179,9423
3180,9423
3181,9423
3182,9423
3183,9423
3184,9423
3185,9423
3186,9423
3187,9423
3188,9423
3189,9423
3190,9423
3191,9423
3192,9423
3193,9423
3194,9423
3195,9423
3196,9423
3197,9423
3198,9423
3199,9423
3200,9423
3201,9423
3202,9423
3203,9423
3204,9423
3205,9423
3206,9423
3207,9423
3208,9423
3209,9423
3210,9423
3211,9423
3212,9423
3213,9423
3214,9423
3215,9423
3216,9423
3217,9423
3218,9423
3219,9423
3220,9423
3221,9423
3222,9423
3223,9423
3224,9423
3225,9423
3226,9423
3227,9423
3228,9423
3229,9423
3230,9423
3231,9423
3232,9423
3233,9423
3234,9423
3235,9423
3236,9423
3237,9423
3238,9423
3239,9423
3240,9423
3241,9423
3242,9423
3243,9423
3244,9423
3245,9423
3246,9423
3247,9423
3248,9423
3249,9423
3250,9423
3251,9423
3252,9423
3253,9423
3254,9423
3255,9423
3256,9423
3257,9423
3258,9423
3259,9423
3260,9423
3261,9423
3262,9423
3263,9423
3264,9423
3265,9423
3266,9423
3267,9423
3268,9423
3269,9423
3270,9423
3271,9423
3272,9423
3273,9423
3274,9423
3275,9423
3276,9423
3277,9423
3278,9423
3279,9423
3280,9423
3281,9423
3282,9423
3283,9423
3284,9423
3285,9423
3286,9423
3287,9423
3288,9423
3289,9423
3290,9423
3291,9423
3292,9423
3293,9423
3294,9423
3295,9423
3296,9423
3297,9423
3298,9423
3299,9423
3300,9423
3301,9423
3302,9423
3303,9423
3304,9423
3305,9423
3306,9423
3307,9423
3308,9423
3309,9423
3310,9423
3311,9423
3312,9423
3313,9423
3314,9423
3315,9423
3316,9423
3317,9423
3318,9423
3319,9423
3320,9423
3321,9423
3322,9423
3323,9423
3324,9423
3325,9423
3326,9423
3327,9423
3328,9423
3329,9423
3330,9423
3331,9423
3332,9423
3333,9423
3334,9423
3335,9423
3336,9423
3337,9423
3338,9423
3339,9423
3340,9423
3341,9423
3342,9423
3343,9423
3344,9423
3345,9423
3346,9423
3347,9423
3348,9423
3349,9423
3350,9423
3351,9423
3352,9423
3353,9423
3354,9423
3355,9423
3356,9423
3357,9423
3358,9423
3359,9423
3360,9423
3361,9423
3362,9423
3363,9423
3364,9423
3365,9423
3366,9423
3367,9423
3368,9423
3369,9423
3370,9423
3371,9423
3372,9423
3373,9423
3374,9423
3375,9423
3376,9423
3377,9423
3378,9423
3379,9423
3380,9423
3381,9423
3382,9423
3383,9423
3384,9423
3385,9423
3386,9423
3387,9423
3388,9423
3389,9423
3390,9423
3391,9423
3392,9423
3393,9423
3394,9423
3395,9423
3396,9423
3397,9423
3398,9423
3399,9423
3400,9423
3401,9423
3402,9423
3403,9423
3404,9423
3405,9423
3406,9423
3407,9423
3408,9423
3409,9423
3410,9423
3411,9423
3412,9423
3413,9423
3414,9423
3415,9423
3416,9423
3417,9423
3418,9423
3419,9423
3420,9423
3421,9423
3422,9423
3423,9423
3424,9423
3425,9423
3426,9423
3427,9423
3428,9423
3429,9423
3430,9423
3431,9423
3432,9423
3433,9423
3434,9423
3435,9423
3436,9423
3437,9423
3438,9423
3439,9423
3440,9423
3441,9423
3442,9423
3443,9423
3444,9423
3445,9423
3446,9423
3447,9423
3448,9423
3449,9423
3450,9423
3451,9423
3452,9423
3453,9423
3454,9423
3455,9423
3456,9423
3457,9423
3458,9423
3459,9423
3460,9423
3461,9423
3462,9423
3463,9423
3464,9423
3465,9423
3466,9423
3467,9423
3468,9423
3469,9423
3470,9423
3471,9423
3472,9423
3473,9423
3474,9423
3475,9423
3476,9423
3477,9423
3478,9423
3479,9423
3480,9423
3481,9423
3482,9423
3483,9423
3484,9423
3485,9423
3486,9423
3487,9423
3488,9423
3489,9423
3490,9423
3491,9423
3492,9423
3493,9423
3494,9423
3495,9423
3496,9423
3497,9423
3498,9423
3499,9423
3500,9423
3501,9423
3502,9423
3503,9423
3504,9423
3505,9423
3506,9423
3507,9423
3508,9423
3509,9423
3510,9423
3511,9423
3512,9423
3513,9423
3514,9423
3515,9423
3516,9423
3517,9423
3518,9423
3519,9423
3520,9423
3521,9423
3522,9423
3523,9423
3524,9423
3525,9423
3526,9423
3527,9423
3528,9423
3529,9423
3530,9423
3531,9423
3532,9423
3533,9423
3534,9423
3535,9423
3536,9423
3537,9423
3538,9423
3539,9423
3540,9423
3541,9423
3542,9423
3543,9423
3544,9423
3545,9423
3546,9423
3547,9423
3548,9423
3549,9423
3550,9423
3551,9423
3552,9423
3553,9423
3554,9423
3555,9423
3556,9423
3557,9423
3558,9423
3559,9423
3560,9423
3561,9423
3562,9423
3563,9423
3564,9423
3565,9423
3566,9423
3567,9423
3568,9423
3569,9423
3570,9423
3571,9423
3572,9423
3573,9423
3574,9423
3575,9423
3576,9423
3577,9423
3578,9423
3579,9423
3580,9423
3581,9423
3582,9423
3583,9423
3584,9423
3585,9423
3586,9423
3587,9423
3588,9423
3589,9423
3590,9423
3591,9423
3592,9423
3593,9423
3594,9423
3595,9423
3596,9423
3597,9423
3598,9423
3599,9423
3600,9423
3601,9423
3602,9423
3603,9423
3604,9423
3605,9423
3606,9423
3607,9423
3608,9423
3609,9423
3610,9423
3611,9423
3612,9423
3613,9423
3614,9423
3615,9423
3616,9423
3617,9423
3618,9423
3619,9423
3620,9423
3621,9423
3622,9423
3623,9423
3624,9423
3625,9423
3626,9423
3627,9423
3628,9423
3629,9423
3630,9423
3631,9423
3632,9423
3633,9423
3634,9423
3635,9423
3636,9423
3637,9423
3638,9423
3639,9423
3640,9423
3641,9423
3642,9423
3643,9423
3644,9423
3645,9423
3646,9423
3647,9423
3648,9423
3649,9423
3650,9423
3651,9423
3652,9423
3653,9423
3654,9423
3655,9423
3656,9423
3657,9423
3658,9423
3659,9423
3660,9423
3661,9423
3662,9423
3663,9423
3664,9423
3665,9423
3666,9423
3667,9423
3668,9423
3669,9423
3670,9423
3671,9423
3672,9423
3673,9423
3674,9423
3675,9423
3676,9423
3677,9423
3678,9423
3679,9423
3680,9423
3681,9423
3682,9423
3683,9423
3684,9423
3685,9423
3686,9423
3687,9423
3688,9423
3689,9423
3690,9423
3691,9423
3692,9423
3693,9423
3694,9423
3695,9423
3696,9423
3697,9423
3698,9423
3699,9423
3700,9423
3701,9423
3702,9423
3703,9423
3704,9423
3705,9423
3706,9423
3707,9423
3708,9423
3709,9423
3710,9423
3711,9423
3712,9423
3713,9423
3714,9423
3715,9423
3716,9423
3717,9423
3718,9423
3719,9423
3720,9423
3721,9423
3722,9423
3723,9423
3724,9423
3725,9423
3726,9423
3727,9423
3728,9423
3729,9423
3730,9423
3731,9423
3732,9423
3733,9423
3734,9423
3735,9423
3736,9423
3737,9423
3738,9423
3739,9423
3740,9423
3741,9423
3742,9423
3743,9423
3744,9423
3745,9423
3746,9423
3747,9423
3748,9423
3749,9423
3750,9423
3751,9423
3752,9423
3753,9423
3754,9423
3755,9423
3756,9423
3757,9423
3758,9423
3759,9423
3760,9423
3761,9423
3762,9423
3763,9423
3764,9423
3765,9423
3766,9423
3767,9423
3768,9423
3769,9423
3770,9423
3771,9423
3772,9423
3773,9423
3774,9423
3775,9423
3776,9423
3777,9423
3778,9423
3779,9423
3780,9423
3781,9423
3782,9423
3783,9423
3784,9423
3785,9423
3786,9423
3787,9423
3788,9423
3789,9423
3790,9423
3791,9423
3792,9423
3793,9423
3794,9423
3795,9423
3796,9423
3797,9423
3798,9423
3799,9423
3800,9423
3801,9423
3802,9423
3803,9423
3804,9423
3805,9423
3806,9423
3807,9423
3808,9423
3809,9423
3810,9423
3811,9423
3812,9423
3813,9423
3814,9423
3815,9423
3816,9423
3817,9423
3818,9423
3819,9423
3820,9423
3821,9423
3822,9423
3823,9423
3824,9423
3825,9423
3826,9423
3827,9423
3828,9423
3829,9423
3830,9423
3831,9423
3832,9423
3833,9423
3834,9423
3835,9423
3836,9423
3837,9423
3838,9423
3839,9423
3840,9423
3841,9423
3842,9423
3843,9423
3844,9423
3845,9423
3846,9423
3847,9423
3848,9423
3849,9423
3850,9423
3851,9423
3852,9423
3853,9423
3854,9423
3855,9423
3856,9423
3857,9423
3858,9423
3859,9423
3860,9423
3861,9423
3862,9423
3863,9423
3864,9423
3865,9423
3866,9423
3867,9423
3868,9423
3869,9423
3870,9423
3871,9423
3872,9423
3873,9423
3874,9423
3875,9423
3876,9423
3877,9423
3878,9423
3879,9423
3880,9423
3881,9423
3882,9423
3883,9423
3884,9423
3885,9423
3886,9423
3887,9423
3888,9423
3889,9423
3890,9423
3891,9423
3892,9423
3893,9423
3894,9423
3895,9423
3896,9423
3897,9423
3898,9423
3899,9423
3900,9423
3901,9423
3902,9423
3903,9423
3904,9423
3905,9423
3906,9423
3907,9423
3908,9423
3909,9423
3910,9423
3911,9423
3912,9423
3913,9423
3914,9423
3915,9423
3916,9423
3917,9423
3918,9423
3919,9423
3920,9423
3921,9423
3922,9423
3923,9423
3924,9423
3925,9423
3926,9423
3927,9423
3928,9423
3929,9423
3930,9423
3931,9423
3932,9423
3933,9423
3934,9423
3935,9423
3936,9423
3937,9423
3938,9423
3939,9423
3940,9423
3941,9423
3942,9423
3943,9423
3944,9423
3945,9423
3946,9423
3947,9423
3948,9423
3949,9423
3950,9423
3951,9423
3952,9423
3953,9423
3954,9423
3955,9423
3956,9423
3957,9423
3958,9423
3959,9423
3960,9423
3961,9423
3962,9423
3963,9423
3964,9423
3965,9423
3966,9423
3967,9423
3968,9423
3969,9423
3970,9423
3971,9423
3972,9423
3973,9423
3974,9423
3975,9423
3976,9423
3977,9423
3978,9423
3979,9423
3980,9423
3981,9423
3982,9423
3983,9423
3984,9423
3985,9423
3986,9423
3987,9423
3988,9423
3989,9423
3990,9423
3991,9423
3992,9423
3993,9423
3994,9423
3995,9423
3996,9423
3997,9423
3998,9423
3999,9423
4000,9423
4001,9423
4002,9423
4003,9423
4004,9423
4005,9423
4006,9423
4007,9423
4008,9423
4009,9423
4010,9423
4011,9423
4012,9423
4013,9423
4014,9423
4015,9423
4016,9423
4017,9423
4018,9423
4019,9423
4020,9423
4021,9423
4022,9423
4023,9423
4024,9423
4025,9423
4026,9423
4027,9423
4028,9423
4029,9423
4030,9423
4031,9423
4032,9423
4033,9423
4034,9423
4035,9423
4036,9423
4037,9423
4038,9423
4039,9423
4040,9423
4041,9423
4042,9423
4043,9423
4044,9423
4045,9423
4046,9423
4047,9423
4048,9423
4049,9423
4050,9423
4051,9423
4052,9423
4053,9423
4054,9423
4055,9423
4056,9423
4057,9423
4058,9423
4059,9423
4060,9423
4061,9423
4062,9423
4063,9423
4064,9423
4065,9423
4066,9423
4067,9423
4068,9423
4069,9423
4070,9423
4071,9423
4072,9423
4073,9423
4074,9423
4075,9423
4076,9423
4077,9423
4078,9423
4079,9423
4080,9423
4081,9423
4082,9423
4083,9423
4084,9423
4085,9423
4086,9423
4087,9423
4088,9423
4089,9423
4090,9423
4091,9423
4092,9423
4093,9423
4094,9423
4095,9423
4096,9423
4097,9423
4098,9423
4099,9423
4100,9423
4101,9423
4102,9423
4103,9423
4104,9423
4105,9423
4106,9423
4107,9423
4108,9423
4109,9423
4110,9423
4111,9423
4112,9423
4113,9423
4114,9423
4115,9423
4116,9423
4117,9423
4118,9423
4119,9423
4120,9423
4121,9423
4122,9423
4123,9423
4124,9423
4125,9423
4126,9423
4127,9423
4128,9423
4129,9423
4130,9423
4131,9423
4132,9423
4133,9423
4134,9423
4135,9423
4136,9423
4137,9423
4138,9423
4139,9423
4140,9423
4141,9423
4142,9423
4143,9423
4144,9423
4145,9423
4146,9423
4147,9423
4148,9423
4149,9423
4150,9423
4151,9423
4152,9423
4153,9423
4154,9423
4155,9423
4156,9423
4157,9423
4158,9423
4159,9423
4160,9423
4161,9423
4162,9423
4163,9423
4164,9423
4165,9423
4166,9423
4167,9423
4168,9423
4169,9423
4170,9423
4171,9423
4172,9423
4173,9423
4174,9423
4175,9423
4176,9423
4177,9423
4178,9423
4179,9423
4180,9423
4181,9423
4182,9423
4183,9423
4184,9423
4185,9423
4186,9423
4187,9423
4188,9423
4189,9423
4190,9423
4191,9423
4192,9423
4193,9423
4194,9423
4195,9423
4196,9423
4197,9423
4198,9423
4199,9423
4200,9423
4201,9423
4202,9423
4203,9423
4204,9423
4205,9423
4206,9423
4207,9423
4208,9423
4209,9423
4210,9423
4211,9423
4212,9423
4213,9423
4214,9423
4215,9423
4216,9423
4217,9423
4218,9423
4219,9423
4220,9423
4221,9423
4222,9423
4223,9423
4224,9423
4225,9423
4226,9423
4227,9423
4228,9423
4229,9423
4230,9423
4231,9423
4232,9423
4233,9423
4234,9423
4235,9423
4236,9423
4237,9423
4238,9423
4239,9423
4240,9423
4241,9423
4242,9423
4243,9423
4244,9423
4245,9423
4246,9423
4247,9423
4248,9423
4249,9423
4250,9423
4251,9423
4252,9423
4253,9423
4254,9423
4255,9423
4256,9423
4257,9423
4258,9423
4259,9423
4260,9423
4261,9423
4262,9423
4263,9423
4264,9423
4265,9423
4266,9423
4267,9423
4268,9423
4269,9423
4270,9423
4271,9423
4272,9423
4273,9423
4274,9423
4275,9423
4276,9423
4277,9423
4278,9423
4279,9423
4280,9423
4281,9423
4282,9423
4283,9423
4284,9423
4285,9423
4286,9423
4287,9423
4288,9423
4289,9423
4290,9423
4291,9423
4292,9423
4293,9423
4294,9423
4295,9423
4296,9423
4297,9423
4298,9423
4299,9423
4300,9423
4301,9423
4302,9423
4303,9423
4304,9423
4305,9423
4306,9423
4307,9423
4308,9423
4309,9423
4310,9423
4311,9423
4312,9423
4313,9423
4314,9423
4315,9423
4316,9423
4317,9423
4318,9423
4319,9423
4320,9423
4321,9423
4322,9423
4323,9423
4324,9423
4325,9423
4326,9423
4327,9423
4328,9423
4329,9423
4330,9423
4331,9423
4332,9423
4333,9423
4334,9423
4335,9423
4336,9423
4337,9423
4338,9423
4339,9423
4340,9423
4341,9423
4342,9423
4343,9423
4344,9423
4345,9423
4346,9423
4347,9423
4348,9423
4349,9423
4350,9423
4351,9423
4352,9423
4353,9423
4354,9423
4355,9423
4356,9423
4357,9423
4358,9423
4359,9423
4360,9423
4361,9423
4362,9423
4363,9423
4364,9423
4365,9423
4366,9423
4367,9423
4368,9423
4369,9423
4370,9423
4371,9423
4372,9423
4373,9423
4374,9423
4375,9423
4376,9423
4377,9423
4378,9423
4379,9423
4380,9423
4381,9423
4382,9423
4383,9423
4384,9423
4385,9423
4386,9423
4387,9423
4388,9423
4389,9423
4390,9423
4391,9423
4392,9423
4393,9423
4394,9423
4395,9423
4396,9423
4397,9423
4398,9423
4399,9423
4400,9423
4401,9423
4402,9423
4403,9423
4404,9423
4405,9423
4406,9423
4407,9423
4408,9423
4409,9423
4410,9423
4411,9423
4412,9423
4413,9423
4414,9423
4415,9423
4416,9423
4417,9423
4418,9423
4419,9423
4420,9423
4421,9423
4422,9423
4423,9423
4424,9423
4425,9423
4426,9423
4427,9423
4428,9423
4429,9423
4430,9423
4431,9423
4432,9423
4433,9423
4434,9423
4435,9423
4436,9423
4437,9423
4438,9423
4439,9423
4440,9423
4441,9423
4442,9423
4443,9423
4444,9423
4445,9423
4446,9423
4447,9423
4448,9423
4449,9423
4450,9423
4451,9423
4452,9423
4453,9423
4454,9423
4455,9423
4456,9423
4457,9423
4458,9423
4459,9423
4460,9423
4461,9423
4462,9423
4463,9423
4464,9423
4465,9423
4466,9423
4467,9423
4468,9423
4469,9423
4470,9423
4471,9423
4472,9423
4473,9423
4474,9423
4475,9423
4476,9423
4477,9423
4478,9423
4479,9423
4480,9423
4481,9423
4482,9423
4483,9423
4484,9423
4485,9423
4486,9423
4487,9423
4488,9423
4489,9423
4490,9423
4491,9423
4492,9423
4493,9423
4494,9423
4495,9423
4496,9423
4497,9423
4498,9423
4499,9423
4500,9423
4501,9423
4502,9423
4503,9423
4504,9423
4505,9423
4506,9423
4507,9423
4508,9423
4509,9423
4510,9423
4511,9423
4512,9423
4513,9423
4514,9423
4515,9423
4516,9423
4517,9423
4518,9423
4519,9423
4520,9423
4521,9423
4522,9423
4523,9423
4524,9423
4525,9423
4526,9423
4527,9423
4528,9423
4529,9423
4530,9423
4531,9423
4532,9423
4533,9423
4534,9423
4535,9423
4536,9423
4537,9423
4538,9423
4539,9423
4540,9423
4541,9423
4542,9423
4543,9423
4544,9423
4545,9423
4546,9423
4547,9423
4548,9423
4549,9423
4550,9423
4551,9423
4552,9423
4553,9423
4554,9423
4555,9423
4556,9423
4557,9423
4558,9423
4559,9423
4560,9423
4561,9423
4562,9423
4563,9423
4564,9423
4565,9423
4566,9423
4567,9423
4568,9423
4569,9423
4570,9423
4571,9423
4572,9423
4573,9423
4574,9423
4575,9423
4576,9423
4577,9423
4578,9423
4579,9423
4580,9423
4581,9423
4582,9423
4583,9423
4584,9423
4585,9423
4586,9423
4587,9423
4588,9423
4589,9423
4590,9423
4591,9423
4592,9423
4593,9423
4594,9423
4595,9423
4596,9423
4597,9423
4598,9423
4599,9423
4600,9423
4601,9423
4602,9423
4603,9423
4604,9423
4605,9423
4606,9423
4607,9423
4608,9423
4609,9423
4610,9423
4611,9423
4612,9423
4613,9423
4614,9423
4615,9423
4616,9423
4617,9423
4618,9423
4619,9423
4620,9423
4621,9423
4622,9423
4623,9423
4624,9423
4625,9423
4626,9423
4627,9423
4628,9423
4629,9423
4630,9423
4631,9423
4632,9423
4633,9423
4634,9423
4635,9423
4636,9423
4637,9423
4638,9423
4639,9423
4640,9423
4641,9423
4642,9423
4643,9423
4644,9423
4645,9423
4646,9423
4647,9423
4648,9423
4649,9423
4650,9423
4651,9423
4652,9423
4653,9423
4654,9423
4655,9423
4656,9423
4657,9423
4658,9423
4659,9423
4660,9423
4661,9423
4662,9423
4663,9423
4664,9423
4665,9423
4666,9423
4667,9423
4668,9423
4669,9423
4670,9423
4671,9423
4672,9423
4673,9423
4674,9423
4675,9423
4676,9423
4677,9423
4678,9423
4679,9423
4680,9423
4681,9423
4682,9423
4683,9423
4684,9423
4685,9423
4686,9423
4687,9423
4688,9423
4689,9423
4690,9423
4691,9423
4692,9423
4693,9423
4694,9423
4695,9423
4696,9423
4697,9423
4698,9423
4699,9423
4700,9423
4701,9423
4702,9423
4703,9423
4704,9423
4705,9423
4706,9423
4707,9423
4708,9423
4709,9423
4710,9423
4711,9423
4712,9423
4713,9423
4714,9423
4715,9423
4716,9423
4717,9423
4718,9423
4719,9423
4720,9423
4721,9423
4722,9423
4723,9423
4724,9423
4725,9423
4726,9423
4727,9423
4728,9423
4729,9423
4730,9423
4731,9423
4732,9423
4733,9423
4734,9423
4735,9423
4736,9423
4737,9423
4738,9423
4739,9423
4740,9423
4741,9423
4742,9423
4743,9423
4744,9423
4745,9423
4746,9423
4747,9423
4748,9423
4749,9423
4750,9423
4751,9423
4752,9423
4753,9423
4754,9423
4755,9423
4756,9423
4757,9423
4758,9423
4759,9423
4760,9423
4761,9423
4762,9423
4763,9423
4764,9423
4765,9423
4766,9423
4767,9423
4768,9423
4769,9423
4770,9423
4771,9423
4772,9423
4773,9423
4774,9423
4775,9423
4776,9423
4777,9423
4778,9423
4779,9423
4780,9423
4781,9423
4782,9423
4783,9423
4784,9423
4785,9423
4786,9423
4787,9423
4788,9423
4789,9423
4790,9423
4791,9423
4792,9423
4793,9423
4794,9423
4795,9423
4796,9423
4797,9423
4798,9423
4799,9423
4800,9423
4801,9423
4802,9423
4803,9423
4804,9423
4805,9423
4806,9423
4807,9423
4808,9423
4809,9423
4810,9423
4811,9423
4812,9423
4813,9423
4814,9423
4815,9423
4816,9423
4817,9423
4818,9423
4819,9423
4820,9423
4821,9423
4822,9423
4823,9423
4824,9423
4825,9423
4826,9423
4827,9423
4828,9423
4829,9423
4830,9423
4831,9423
4832,9423
4833,9423
4834,9423
4835,9423
4836,9423
4837,9423
4838,9423
4839,9423
4840,9423
4841,9423
4842,9423
4843,9423
4844,9423
4845,9423
4846,9423
4847,9423
4848,9423
4849,9423
4850,9423
4851,9423
4852,9423
4853,9423
4854,9423
4855,9423
4856,9423
4857,9423
4858,9423
4859,9423
4860,9423
4861,9423
4862,9423
4863,9423
4864,9423
4865,9423
4866,9423
4867,9423
4868,9423
4869,9423
4870,9423
4871,9423
4872,9423
4873,9423
4874,9423
4875,9423
4876,9423
4877,9423
4878,9423
4879,9423
4880,9423
4881,9423
4882,9423
4883,9423
4884,9423
4885,9423
4886,9423
4887,9423
4888,9423
4889,9423
4890,9423
4891,9423
4892,9423
4893,9423
4894,9423
4895,9423
4896,9423
4897,9423
4898,9423
4899,9423
4900,9423
4901,9423
4902,9423
4903,9423
4904,9423
4905,9423
4906,9423
4907,9423
4908,9423
4909,9423
4910,9423
4911,9423
4912,9423
4913,9423
4914,9423
4915,9423
4916,9423
4917,9423
4918,9423
4919,9423
4920,9423
4921,9423
4922,9423
4923,9423
4924,9423
4925,9423
4926,9423
4927,9423
4928,9423
4929,9423
4930,9423
4931,9423
4932,9423
4933,9423
4934,9423
4935,9423
4936,9423
4937,9423
4938,9423
4939,9423
4940,9423
4941,9423
4942,9423
4943,9423
4944,9423
4945,9423
4946,9423
4947,9423
4948,9423
4949,9423
4950,9423
4951,9423
4952,9423
4953,9423
4954,9423
4955,9423
4956,9423
4957,9423
4958,9423
4959,9423
4960,9423
4961,9423
4962,9423
4963,9423
4964,9423
4965,9423
4966,9423
4967,9423
4968,9423
4969,9423
4970,9423
4971,9423
4972,9423
4973,9423
4974,9423
4975,9423
4976,9423
4977,9423
4978,9423
4979,9423
4980,9423
4981,9423
4982,9423
4983,9423
4984,9423
4985,9423
4986,9423
4987,9423
4988,9423
4989,9423
4990,9423
4991,9423
4992,9423
4993,9423
4994,9423
4995,9423
4996,9423
4997,9423
4998,9423
4999,9423
5000,9423
5001,9423
5002,9423
5003,9423
5004,9423
5005,9423
5006,9423
5007,9423
5008,9423
5009,9423
5010,9423
5011,9423
5012,9423
5013,9423
5014,9423
5015,9423
5016,9423
5017,9423
5018,9423
5019,9423
5020,9423
5021,9423
5022,9423
5023,9423
5024,9423
5025,9423
5026,9423
5027,9423
5028,9423
5029,9423
5030,9423
5031,9423
5032,9423
5033,9423
5034,9423
5035,9423
5036,9423
5037,9423
5038,9423
5039,9423
5040,9423
5041,9423
5042,9423
5043,9423
5044,9423
5045,9423
5046,9423
5047,9423
5048,9423
5049,9423
5050,9423
5051,9423
5052,9423
5053,9423
5054,9423
5055,9423
5056,9423
5057,9423
5058,9423
5059,9423
5060,9423
5061,9423
5062,9423
5063,9423
5064,9423
5065,9423
5066,9423
5067,9423
5068,9423
5069,9423
5070,9423
5071,9423
5072,9423
5073,9423
5074,9423
5075,9423
5076,9423
5077,9423
5078,9423
5079,9423
5080,9423
5081,9423
5082,9423
5083,9423
5084,9423
5085,9423
5086,9423
5087,9423
5088,9423
5089,9423
5090,9423
5091,9423
5092,9423
5093,9423
5094,9423
5095,9423
5096,9423
5097,9423
5098,9423
5099,9423
5100,9423
5101,9423
5102,9423
5103,9423
5104,9423
5105,9423
5106,9423
5107,9423
5108,9423
5109,9423
5110,9423
5111,9423
5112,9423
5113,9423
5114,9423
5115,9423
5116,9423
5117,9423
5118,9423
5119,9423
5120,9423
5121,9423
5122,9423
5123,9423
5124,9423
5125,9423
5126,9423
5127,9423
5128,9423
5129,9423
5130,9423
5131,9423
5132,9423
5133,9423
5134,9423
5135,9423
5136,9423
5137,9423
5138,9423
5139,9423
5140,9423
5141,9423
5142,9423
5143,9423
5144,9423
5145,9423
5146,9423
5147,9423
5148,9423
5149,9423
5150,9423
5151,9423
5152,9423
5153,9423
5154,9423
5155,9423
5156,9423
5157,9423
5158,9423
5159,9423
5160,9423
5161,9423
5162,9423
5163,9423
5164,9423
5165,9423
5166,9423
5167,9423
5168,9423
5169,9423
5170,9423
5171,9423
5172,9423
5173,9423
5174,9423
5175,9423
5176,9423
5177,9423
5178,9423
5179,9423
5180,9423
5181,9423
5182,9423
5183,9423
5184,9423
5185,9423
5186,9423
5187,9423
5188,9423
5189,9423
5190,9423
5191,9423
5192,9423
5193,9423
5194,9423
5195,9423
5196,9423
5197,9423
5198,9423
5199,9423
5200,9423
5201,9423
5202,9423
5203,9423
5204,9423
5205,9423
5206,9423
5207,9423
5208,9423
5209,9423
5210,9423
5211,9423
5212,9423
5213,9423
5214,9423
5215,9423
5216,9423
5217,9423
5218,9423
5219,9423
5220,9423
5221,9423
5222,9423
5223,9423
5224,9423
5225,9423
5226,9423
5227,9423
5228,9423
5229,9423
5230,9423
5231,9423
5232,9423
5233,9423
5234,9423
5235,9423
5236,9423
5237,9423
5238,9423
5239,9423
5240,9423
5241,9423
5242,9423
5243,9423
5244,9423
5245,9423
5246,9423
5247,9423
5248,9423
5249,9423
5250,9423
5251,9423
5252,9423
5253,9423
5254,9423
5255,9423
5256,9423
5257,9423
5258,9423
5259,9423
5260,9423
5261,9423
5262,9423
5263,9423
5264,9423
5265,9423
5266,9423
5267,9423
5268,9423
5269,9423
5270,9423
5271,9423
5272,9423
5273,9423
5274,9423
5275,9423
5276,9423
5277,9423
5278,9423
5279,9423
5280,9423
5281,9423
5282,9423
5283,9423
5284,9423
5285,9423
5286,9423
5287,9423
5288,9423
5289,9423
5290,9423
5291,9423
5292,9423
5293,9423
5294,9423
5295,9423
5296,9423
5297,9423
5298,9423
5299,9423
5300,9423
5301,9423
5302,9423
5303,9423
5304,9423
5305,9423
5306,9423
5307,9423
5308,9423
5309,9423
5310,9423
5311,9423
5312,9423
5313,9423
5314,9423
5315,9423
5316,9423
5317,9423
5318,9423
5319,9423
5320,9423
5321,9423
5322,9423
5323,9423
5324,9423
5325,9423
5326,9423
5327,9423
5328,9423
5329,9423
5330,9423
5331,9423
5332,9423
5333,9423
5334,9423
5335,9423
5336,9423
5337,9423
5338,9423
5339,9423
5340,9423
5341,9423
5342,9423
5343,9423
5344,9423
5345,9423
5346,9423
5347,9423
5348,9423
5349,9423
5350,9423
5351,9423
5352,9423
5353,9423
5354,9423
5355,9423
5356,9423
5357,9423
5358,9423
5359,9423
5360,9423
5361,9423
5362,9423
5363,9423
5364,9423
5365,9423
5366,9423
5367,9423
5368,9423
5369,9423
5370,9423
5371,9423
5372,9423
5373,9423
5374,9423
5375,9423
5376,9423
5377,9423
5378,9423
5379,9423
5380,9423
5381,9423
5382,9423
5383,9423
5384,9423
5385,9423
5386,9423
5387,9423
5388,9423
5389,9423
5390,9423
5391,9423
5392,9423
5393,9423
5394,9423
5395,9423
5396,9423
5397,9423
5398,9423
5399,9423
5400,9423
5401,9423
5402,9423
5403,9423
5404,9423
5405,9423
5406,9423
5407,9423
5408,9423
5409,9423
5410,9423
5411,9423
5412,9423
5413,9423
5414,9423
5415,9423
5416,9423
5417,9423
5418,9423
5419,9423
5420,9423
5421,9423
5422,9423
5423,9423
5424,9423
5425,9423
5426,9423
5427,9423
5428,9423
5429,9423
5430,9423
5431,9423
5432,9423
5433,9423
5434,9423
5435,9423
5436,9423
5437,9423
5438,9423
5439,9423
5440,9423
5441,9423
5442,9423
5443,9423
5444,9423
5445,9423
5446,9423
5447,9423
5448,9423
5449,9423
5450,9423
5451,9423
5452,9423
5453,9423
5454,9423
5455,9423
5456,9423
5457,9423
5458,9423
5459,9423
5460,9423
5461,9423
5462,9423
5463,9423
5464,9423
5465,9423
5466,9423
5467,9423
5468,9423
5469,9423
5470,9423
5471,9423
5472,9423
5473,9423
5474,9423
5475,9423
5476,9423
5477,9423
5478,9423
5479,9423
5480,9423
5481,9423
5482,9423
5483,9423
5484,9423
5485,9423
5486,9423
5487,9423
5488,9423
5489,9423
5490,9423
5491,9423
5492,9423
5493,9423
5494,9423
5495,9423
5496,9423
5497,9423
5498,9423
5499,9423
5500,9423
5501,9423
5502,9423
5503,9423
5504,9423
5505,9423
5506,9423
5507,9423
5508,9423
5509,9423
5510,9423
5511,9423
5512,9423
5513,9423
5514,9423
5515,9423
5516,9423
5517,9423
5518,9423
5519,9423
5520,9423
5521,9423
5522,9423
5523,9423
5524,9423
5525,9423
5526,9423
5527,9423
5528,9423
5529,9423
5530,9423
5531,9423
5532,9423
5533,9423
5534,9423
5535,9423
5536,9423
5537,9423
5538,9423
5539,9423
5540,9423
5541,9423
5542,9423
5543,9423
5544,9423
5545,9423
5546,9423
5547,9423
5548,9423
5549,9423
5550,9423
5551,9423
5552,9423
5553,9423
5554,9423
5555,9423
5556,9423
5557,9423
5558,9423
5559,9423
5560,9423
5561,9423
5562,9423
5563,9423
5564,9423
5565,9423
5566,9423
5567,9423
5568,9423
5569,9423
5570,9423
5571,9423
5572,9423
5573,9423
5574,9423
5575,9423
5576,9423
5577,9423
5578,9423
5579,9423
5580,9423
5581,9423
5582,9423
5583,9423
5584,9423
5585,9423
5586,9423
5587,9423
5588,9423
5589,9423
5590,9423
5591,9423
5592,9423
5593,9423
5594,9423
5595,9423
5596,9423
5597,9423
5598,9423
5599,9423
5600,9423
5601,9423
5602,9423
5603,9423
5604,9423
5605,9423
5606,9423
5607,9423
5608,9423
5609,9423
5610,9423
5611,9423
5612,9423
5613,9423
5614,9423
5615,9423
5616,9423
5617,9423
5618,9423
5619,9423
5620,9423
5621,9423
5622,9423
5623,9423
5624,9423
5625,9423
5626,9423
5627,9423
5628,9423
5629,9423
5630,9423
5631,9423
5632,9423
5633,9423
5634,9423
5635,9423
5636,9423
5637,9423
5638,9423
5639,9423
5640,9423
5641,9423
5642,9423
5643,9423
5644,9423
5645,9423
5646,9423
5647,9423
5648,9423
5649,9423
5650,9423
5651,9423
5652,9423
5653,9423
5654,9423
5655,9423
5656,9423
5657,9423
5658,9423
5659,9423
5660,9423
5661,9423
5662,9423
5663,9423
5664,9423
5665,9423
5666,9423
5667,9423
5668,9423
5669,9423
5670,9423
5671,9423
5672,9423
5673,9423
5674,9423
5675,9423
5676,9423
5677,9423
5678,9423
5679,9423
5680,9423
5681,9423
5682,9423
5683,9423
5684,9423
5685,9423
5686,9423
5687,9423
5688,9423
5689,9423
5690,9423
5691,9423
5692,9423
5693,9423
5694,9423
5695,9423
5696,9423
5697,9423
5698,9423
5699,9423
5700,9423
5701,9423
5702,9423
5703,9423
5704,9423
5705,9423
5706,9423
5707,9423
5708,9423
5709,9423
5710,9423
5711,9423
5712,9423
5713,9423
5714,9423
5715,9423
5716,9423
5717,9423
5718,9423
5719,9423
5720,9423
5721,9423
5722,9423
5723,9423
5724,9423
5725,9423
5726,9423
5727,9423
5728,9423
5729,9423
5730,9423
5731,9423
5732,9423
5733,9423
5734,9423
5735,9423
5736,9423
5737,9423
5738,9423
5739,9423
5740,9423
5741,9423
5742,9423
5743,9423
5744,9423
5745,9423
5746,9423
5747,9423
5748,9423
5749,9423
5750,9423
5751,9423
5752,9423
5753,9423
5754,9423
5755,9423
5756,9423
5757,9423
5758,9423
5759,9423
5760,9423
5761,9423
5762,9423
5763,9423
5764,9423
5765,9423
5766,9423
5767,9423
5768,9423
5769,9423
5770,9423
5771,9423
5772,9423
5773,9423
5774,9423
5775,9423
5776,9423
5777,9423
5778,9423
5779,9423
5780,9423
5781,9423
5782,9423
5783,9423
5784,9423
5785,9423
5786,9423
5787,9423
5788,9423
5789,9423
5790,9423
5791,9423
5792,9423
5793,9423
5794,9423
5795,9423
5796,9423
5797,9423
5798,9423
5799,9423
5800,9423
5801,9423
5802,9423
5803,9423
5804,9423
5805,9423
5806,9423
5807,9423
5808,9423
5809,9423
5810,9423
5811,9423
5812,9423
5813,9423
5814,9423
5815,9423
5816,9423
5817,9423
5818,9423
5819,9423
5820,9423
5821,9423
5822,9423
5823,9423
5824,9423
5825,9423
5826,9423
5827,9423
5828,9423
5829,9423
5830,9423
5831,9423
5832,9423
5833,9423
5834,9423
5835,9423
5836,9423
5837,9423
5838,9423
5839,9423
5840,9423
5841,9423
5842,9423
5843,9423
5844,9423
5845,9423
5846,9423
5847,9423
5848,9423
5849,9423
5850,9423
5851,9423
5852,9423
5853,9423
5854,9423
5855,9423
5856,9423
5857,9423
5858,9423
5859,9423
5860,9423
5861,9423
5862,9423
5863,9423
5864,9423
5865,9423
5866,9423
5867,9423
5868,9423
5869,9423
5870,9423
5871,9423
5872,9423
5873,9423
5874,9423
5875,9423
5876,9423
5877,9423
5878,9423
5879,9423
5880,9423
5881,9423
5882,9423
5883,9423
5884,9423
5885,9423
5886,9423
5887,9423
5888,9423
5889,9423
5890,9423
5891,9423
5892,9423
5893,9423
5894,9423
5895,9423
5896,9423
5897,9423
5898,9423
5899,9423
5900,9423
5901,9423
5902,9423
5903,9423
5904,9423
5905,9423
5906,9423
5907,9423
5908,9423
5909,9423
5910,9423
5911,9423
5912,9423
5913,9423
5914,9423
5915,9423
5916,9423
5917,9423
5918,9423
5919,9423
5920,9423
5921,9423
5922,9423
5923,9423
5924,9423
5925,9423
5926,9423
5927,9423
5928,9423
5929,9423
5930,9423
5931,9423
5932,9423
5933,9423
5934,9423
5935,9423
5936,9423
5937,9423
5938,9423
5939,9423
5940,9423
5941,9423
5942,9423
5943,9423
5944,9423
5945,9423
5946,9423
5947,9423
5948,9423
5949,9423
5950,9423
5951,9423
5952,9423
5953,9423
5954,9423
5955,9423
5956,9423
5957,9423
5958,9423
5959,9423
5960,9423
5961,9423
5962,9423
5963,9423
5964,9423
5965,9423
5966,9423
5967,9423
5968,9423
5969,9423
5970,9423
5971,9423
5972,9423
5973,9423
5974,9423
5975,9423
5976,9423
5977,9423
5978,9423
5979,9423
5980,9423
5981,9423
5982,9423
5983,9423
5984,9423
5985,9423
5986,9423
5987,9423
5988,9423
5989,9423
5990,9423
5991,9423
5992,9423
5993,9423
5994,9423
5995,9423
5996,9423
5997,9423
5998,9423
5999,9423
6000,9423
6001,9423
6002,9423
6003,9423
6004,9423
6005,9423
6006,9423
6007,9423
6008,9423
6009,9423
6010,9423
6011,9423
6012,9423
6013,9423
6014,9423
6015,9423
6016,9423
6017,9423
6018,9423
6019,9423
6020,9423
6021,9423
6022,9423
6023,9423
6024,9423
6025,9423
6026,9423
6027,9423
6028,9423
6029,9423
6030,9423
6031,9423
6032,9423
6033,9423
6034,9423
6035,9423
6036,9423
6037,9423
6038,9423
6039,9423
6040,9423
6041,9423
6042,9423
6043,9423
6044,9423
6045,9423
6046,9423
6047,9423
6048,9423
6049,9423
6050,9423
6051,9423
6052,9423
6053,9423
6054,9423
6055,9423
6056,9423
6057,9423
6058,9423
6059,9423
6060,9423
6061,9423
6062,9423
6063,9423
6064,9423
6065,9423
6066,9423
6067,9423
6068,9423
6069,9423
6070,9423
6071,9423
6072,9423
6073,9423
6074,9423
6075,9423
6076,9423
6077,9423
6078,9423
6079,9423
6080,9423
6081,9423
6082,9423
6083,9423
6084,9423
6085,9423
6086,9423
6087,9423
6088,9423
6089,9423
6090,9423
6091,9423
6092,9423
6093,9423
6094,9423
6095,9423
6096,9423
6097,9423
6098,9423
6099,9423
6100,9423
6101,9423
6102,9423
6103,9423
6104,9423
6105,9423
6106,9423
6107,9423
6108,9423
6109,9423
6110,9423
6111,9423
6112,9423
6113,9423
6114,9423
6115,9423
6116,9423
6117,9423
6118,9423
6119,9423
6120,9423
6121,9423
6122,9423
6123,9423
6124,9423
6125,9423
6126,9423
6127,9423
6128,9423
6129,9423
6130,9423
6131,9423
6132,9423
6133,9423
6134,9423
6135,9423
6136,9423
6137,9423
6138,9423
6139,9423
6140,9423
6141,9423
6142,9423
6143,9423
6144,9423
6145,9423
6146,9423
6147,9423
6148,9423
6149,9423
6150,9423
6151,9423
6152,9423
6153,9423
6154,9423
6155,9423
6156,9423
6157,9423
6158,9423
6159,9423
6160,9423
6161,9423
6162,9423
6163,9423
6164,9423
6165,9423
6166,9423
6167,9423
6168,9423
6169,9423
6170,9423
6171,9423
6172,9423
6173,9423
6174,9423
6175,9423
6176,9423
6177,9423
6178,9423
6179,9423
6180,9423
6181,9423
6182,9423
6183,9423
6184,9423
6185,9423
6186,9423
6187,9423
6188,9423
6189,9423
6190,9423
6191,9423
6192,9423
6193,9423
6194,9423
6195,9423
6196,9423
6197,9423
6198,9423
6199,9423
6200,9423
6201,9423
6202,9423
6203,9423
6204,9423
6205,9423
6206,9423
6207,9423
6208,9423
6209,9423
6210,9423
6211,9423
6212,9423
6213,9423
6214,9423
6215,9423
6216,9423
6217,9423
6218,9423
6219,9423
6220,9423
6221,9423
6222,9423
6223,9423
6224,9423
6225,9423
6226,9423
6227,9423
6228,9423
6229,9423
6230,9423
6231,9423
6232,9423
6233,9423
6234,9423
6235,9423
6236,9423
6237,9423
6238,9423
6239,9423
6240,9423
6241,9423
6242,9423
6243,9423
6244,9423
6245,9423
6246,9423
6247,9423
6248,9423
6249,9423
6250,9423
6251,9423
6252,9423
6253,9423
6254,9423
6255,9423
6256,9423
6257,9423
6258,9423
6259,9423
6260,9423
6261,9423
6262,9423
6263,9423
6264,9423
6265,9423
6266,9423
6267,9423
6268,9423
6269,9423
6270,9423
6271,9423
6272,9423
6273,9423
6274,9423
6275,9423
6276,9423
6277,9423
6278,9423
6279,9423
6280,9423
6281,9423
6282,9423
6283,9423
6284,9423
6285,9423
6286,9423
6287,9423
6288,9423
6289,9423
6290,9423
6291,9423
6292,9423
6293,9423
6294,9423
6295,9423
6296,9423
6297,9423
6298,9423
6299,9423
6300,9423
6301,9423
6302,9423
6303,9423
6304,9423
6305,9423
6306,9423
6307,9423
6308,9423
6309,9423
6310,9423
6311,9423
6312,9423
6313,9423
6314,9423
6315,9423
6316,9423
6317,9423
6318,9423
6319,9423
6320,9423
6321,9423
6322,9423
6323,9423
6324,9423
6325,9423
6326,9423
6327,9423
6328,9423
6329,9423
6330,9423
6331,9423
6332,9423
6333,9423
6334,9423
6335,9423
6336,9423
6337,9423
6338,9423
6339,9423
6340,9423
6341,9423
6342,9423
6343,9423
6344,9423
6345,9423
6346,9423
6347,9423
6348,9423
6349,9423
6350,9423
6351,9423
6352,9423
6353,9423
6354,9423
6355,9423
6356,9423
6357,9423
6358,9423
6359,9423
6360,9423
6361,9423
6362,9423
6363,9423
6364,9423
6365,9423
6366,9423
6367,9423
6368,9423
6369,9423
6370,9423
6371,9423
6372,9423
6373,9423
6374,9423
6375,9423
6376,9423
6377,9423
6378,9423
6379,9423
6380,9423
6381,9423
6382,9423
6383,9423
6384,9423
6385,9423
6386,9423
6387,9423
6388,9423
6389,9423
6390,9423
6391,9423
6392,9423
6393,9423
6394,9423
6395,9423
6396,9423
6397,9423
6398,9423
6399,9423
6400,9423
6401,9423
6402,9423
6403,9423
6404,9423
6405,9423
6406,9423
6407,9423
6408,9423
6409,9423
6410,9423
6411,9423
6412,9423
6413,9423
6414,9423
6415,9423
6416,9423
6417,9423
6418,9423
6419,9423
6420,9423
6421,9423
6422,9423
6423,9423
6424,9423
6425,9423
6426,9423
6427,9423
6428,9423
6429,9423
6430,9423
6431,9423
6432,9423
6433,9423
6434,9423
6435,9423
6436,9423
6437,9423
6438,9423
6439,9423
6440,9423
6441,9423
6442,9423
6443,9423
6444,9423
6445,9423
6446,9423
6447,9423
6448,9423
6449,9423
6450,9423
6451,9423
6452,9423
6453,9423
6454,9423
6455,9423
6456,9423
6457,9423
6458,9423
6459,9423
6460,9423
6461,9423
6462,9423
6463,9423
6464,9423
6465,9423
6466,9423
6467,9423
6468,9423
6469,9423
6470,9423
6471,9423
6472,9423
6473,9423
6474,9423
6475,9423
6476,9423
6477,9423
6478,9423
6479,9423
6480,9423
6481,9423
6482,9423
6483,9423
6484,9423
6485,9423
6486,9423
6487,9423
6488,9423
6489,9423
6490,9423
6491,9423
6492,9423
6493,9423
6494,9423
6495,9423
6496,9423
6497,9423
6498,9423
6499,9423
6500,9423
6501,9423
6502,9423
6503,9423
6504,9423
6505,9423
6506,9423
6507,9423
6508,9423
6509,9423
6510,9423
6511,9423
6512,9423
6513,9423
6514,9423
6515,9423
6516,9423
6517,9423
6518,9423
6519,9423
6520,9423
6521,9423
6522,9423
6523,9423
6524,9423
6525,9423
6526,9423
6527,9423
6528,9423
6529,9423
6530,9423
6531,9423
6532,9423
6533,9423
6534,9423
6535,9423
6536,9423
6537,9423
6538,9423
6539,9423
6540,9423
6541,9423
6542,9423
6543,9423
6544,9423
6545,9423
6546,9423
6547,9423
6548,9423
6549,9423
6550,9423
6551,9423
6552,9423
6553,9423
6554,9423
6555,9423
6556,9423
6557,9423
6558,9423
6559,9423
6560,9423
6561,9423
6562,9423
6563,9423
6564,9423
6565,9423
6566,9423
6567,9423
6568,9423
6569,9423
6570,9423
6571,9423
6572,9423
6573,9423
6574,9423
6575,9423
6576,9423
6577,9423
6578,9423
6579,9423
6580,9423
6581,9423
6582,9423
6583,9423
6584,9423
6585,9423
6586,9423
6587,9423
6588,9423
6589,9423
6590,9423
6591,9423
6592,9423
6593,9423
6594,9423
6595,9423
6596,9423
6597,9423
6598,9423
6599,9423
6600,9423
6601,9423
6602,9423
6603,9423
6604,9423
6605,9423
6606,9423
6607,9423
6608,9423
6609,9423
6610,9423
6611,9423
6612,9423
6613,9423
6614,9423
6615,9423
6616,9423
6617,9423
6618,9423
6619,9423
6620,9423
6621,9423
6622,9423
6623,9423
6624,9423
6625,9423
6626,9423
6627,9423
6628,9423
6629,9423
6630,9423
6631,9423
6632,9423
6633,9423
6634,9423
6635,9423
6636,9423
6637,9423
6638,9423
6639,9423
6640,9423
6641,9423
6642,9423
6643,9423
6644,9423
6645,9423
6646,9423
6647,9423
6648,9423
6649,9423
6650,9423
6651,9423
6652,9423
6653,9423
6654,9423
6655,9423
6656,9423
6657,9423
6658,9423
6659,9423
6660,9423
6661,9423
6662,9423
6663,9423
6664,9423
6665,9423
6666,9423
6667,9423
6668,9423
6669,9423
6670,9423
6671,9423
6672,9423
6673,9423
6674,9423
6675,9423
6676,9423
6677,9423
6678,9423
6679,9423
6680,9423
6681,9423
6682,9423
6683,9423
6684,9423
6685,9423
6686,9423
6687,9423
6688,9423
6689,9423
6690,9423
6691,9423
6692,9423
6693,9423
6694,9423
6695,9423
6696,9423
6697,9423
6698,9423
6699,9423
6700,9423
6701,9423
6702,9423
6703,9423
6704,9423
6705,9423
6706,9423
6707,9423
6708,9423
6709,9423
6710,9423
6711,9423
6712,9423
6713,9423
6714,9423
6715,9423
6716,9423
6717,9423
6718,9423
6719,9423
6720,9423
6721,9423
6722,9423
6723,9423
6724,9423
6725,9423
6726,9423
6727,9423
6728,9423
6729,9423
6730,9423
6731,9423
6732,9423
6733,9423
6734,9423
6735,9423
6736,9423
6737,9423
6738,9423
6739,9423
6740,9423
6741,9423
6742,9423
6743,9423
6744,9423
6745,9423
6746,9423
6747,9423
6748,9423
6749,9423
6750,9423
6751,9423
6752,9423
6753,9423
6754,9423
6755,9423
6756,9423
6757,9423
6758,9423
6759,9423
6760,9423
6761,9423
6762,9423
6763,9423
6764,9423
6765,9423
6766,9423
6767,9423
6768,9423
6769,9423
6770,9423
6771,9423
6772,9423
6773,9423
6774,9423
6775,9423
6776,9423
6777,9423
6778,9423
6779,9423
6780,9423
6781,9423
6782,9423
6783,9423
6784,9423
6785,9423
6786,9423
6787,9423
6788,9423
6789,9423
6790,9423
6791,9423
6792,9423
6793,9423
6794,9423
6795,9423
6796,9423
6797,9423
6798,9423
6799,9423
6800,9423
6801,9423
6802,9423
6803,9423
6804,9423
6805,9423
6806,9423
6807,9423
6808,9423
6809,9423
6810,9423
6811,9423
6812,9423
6813,9423
6814,9423
6815,9423
6816,9423
6817,9423
6818,9423
6819,9423
6820,9423
6821,9423
6822,9423
6823,9423
6824,9423
6825,9423
6826,9423
6827,9423
6828,9423
6829,9423
6830,9423
6831,9423
6832,9423
6833,9423
6834,9423
6835,9423
6836,9423
6837,9423
6838,9423
6839,9423
6840,9423
6841,9423
6842,9423
6843,9423
6844,9423
6845,9423
6846,9423
6847,9423
6848,9423
6849,9423
6850,9423
6851,9423
6852,9423
6853,9423
6854,9423
6855,9423
6856,9423
6857,9423
6858,9423
6859,9423
6860,9423
6861,9423
6862,9423
6863,9423
6864,9423
6865,9423
6866,9423
6867,9423
6868,9423
6869,9423
6870,9423
6871,9423
6872,9423
6873,9423
6874,9423
6875,9423
6876,9423
6877,9423
6878,9423
6879,9423
6880,9423
6881,9423
6882,9423
6883,9423
6884,9423
6885,9423
6886,9423
6887,9423
6888,9423
6889,9423
6890,9423
6891,9423
6892,9423
6893,9423
6894,9423
6895,9423
6896,9423
6897,9423
6898,9423
6899,9423
6900,9423
6901,9423
6902,9423
6903,9423
6904,9423
6905,9423
6906,9423
6907,9423
6908,9423
6909,9423
6910,9423
6911,9423
6912,9423
6913,9423
6914,9423
6915,9423
6916,9423
6917,9423
6918,9423
6919,9423
6920,9423
6921,9423
6922,9423
6923,9423
6924,9423
6925,9423
6926,9423
6927,9423
6928,9423
6929,9423
6930,9423
6931,9423
6932,9423
6933,9423
6934,9423
6935,9423
6936,9423
6937,9423
6938,9423
6939,9423
6940,9423
6941,9423
6942,9423
6943,9423
6944,9423
6945,9423
6946,9423
6947,9423
6948,9423
6949,9423
6950,9423
6951,9423
6952,9423
6953,9423
6954,9423
6955,9423
6956,9423
6957,9423
6958,9423
6959,9423
6960,9423
6961,9423
6962,9423
6963,9423
6964,9423
6965,9423
6966,9423
6967,9423
6968,9423
6969,9423
6970,9423
6971,9423
6972,9423
6973,9423
6974,9423
6975,9423
6976,9423
6977,9423
6978,9423
6979,9423
6980,9423
6981,9423
6982,9423
6983,9423
6984,9423
6985,9423
6986,9423
6987,9423
6988,9423
6989,9423
6990,9423
6991,9423
6992,9423
6993,9423
6994,9423
6995,9423
6996,9423
6997,9423
6998,9423
6999,9423
7000,9423
7001,9423
7002,9423
7003,9423
7004,9423
7005,9423
7006,9423
7007,9423
7008,9423
7009,9423
7010,9423
7011,9423
7012,9423
7013,9423
7014,9423
7015,9423
7016,9423
7017,9423
7018,9423
7019,9423
7020,9423
7021,9423
7022,9423
7023,9423
7024,9423
7025,9423
7026,9423
7027,9423
7028,9423
7029,9423
7030,9423
7031,9423
7032,9423
7033,9423
7034,9423
7035,9423
7036,9423
7037,9423
7038,9423
7039,9423
7040,9423
7041,9423
7042,9423
7043,9423
7044,9423
7045,9423
7046,9423
7047,9423
7048,9423
7049,9423
7050,9423
7051,9423
7052,9423
7053,9423
7054,9423
7055,9423
7056,9423
7057,9423
7058,9423
7059,9423
7060,9423
7061,9423
7062,9423
7063,9423
7064,9423
7065,9423
7066,9423
7067,9423
7068,9423
7069,9423
7070,9423
7071,9423
7072,9423
7073,9423
7074,9423
7075,9423
7076,9423
7077,9423
7078,9423
7079,9423
7080,9423
7081,9423
7082,9423
7083,9423
7084,9423
7085,9423
7086,9423
7087,9423
7088,9423
7089,9423
7090,9423
7091,9423
7092,9423
7093,9423
7094,9423
7095,9423
7096,9423
7097,9423
7098,9423
7099,9423
7100,9423
7101,9423
7102,9423
7103,9423
7104,9423
7105,9423
7106,9423
7107,9423
7108,9423
7109,9423
7110,9423
7111,9423
7112,9423
7113,9423
7114,9423
7115,9423
7116,9423
7117,9423
7118,9423
7119,9423
7120,9423
7121,9423
7122,9423
7123,9423
7124,9423
7125,9423
7126,9423
7127,9423
7128,9423
7129,9423
7130,9423
7131,9423
7132,9423
7133,9423
7134,9423
7135,9423
7136,9423
7137,9423
7138,9423
7139,9423
7140,9423
7141,9423
7142,9423
7143,9423
7144,9423
7145,9423
7146,9423
7147,9423
7148,9423
7149,9423
7150,9423
7151,9423
7152,9423
7153,9423
7154,9423
7155,9423
7156,9423
7157,9423
7158,9423
7159,9423
7160,9423
7161,9423
7162,9423
7163,9423
7164,9423
7165,9423
7166,9423
7167,9423
7168,9423
7169,9423
7170,9423
7171,9423
7172,9423
7173,9423
7174,9423
7175,9423
7176,9423
7177,9423
7178,9423
7179,9423
7180,9423
7181,9423
7182,9423
7183,9423
7184,9423
7185,9423
7186,9423
7187,9423
7188,9423
7189,9423
7190,9423
7191,9423
7192,9423
7193,9423
7194,9423
7195,9423
7196,9423
7197,9423
7198,9423
7199,9423
7200,9423
7201,9423
7202,9423
7203,9423
7204,9423
7205,9423
7206,9423
7207,9423
7208,9423
7209,9423
7210,9423
7211,9423
7212,9423
7213,9423
7214,9423
7215,9423
7216,9423
7217,9423
7218,9423
7219,9423
7220,9423
7221,9423
7222,9423
7223,9423
7224,9423
7225,9423
7226,9423
7227,9423
7228,9423
7229,9423
7230,9423
7231,9423
7232,9423
7233,9423
7234,9423
7235,9423
7236,9423
7237,9423
7238,9423
7239,9423
7240,9423
7241,9423
7242,9423
7243,9423
7244,9423
7245,9423
7246,9423
7247,9423
7248,9423
7249,9423
7250,9423
7251,9423
7252,9423
7253,9423
7254,9423
7255,9423
7256,9423
7257,9423
7258,9423
7259,9423
7260,9423
7261,9423
7262,9423
7263,9423
7264,9423
7265,9423
7266,9423
7267,9423
7268,9423
7269,9423
7270,9423
7271,9423
7272,9423
7273,9423
7274,9423
7275,9423
7276,9423
7277,9423
7278,9423
7279,9423
7280,9423
7281,9423
7282,9423
7283,9423
7284,9423
7285,9423
7286,9423
7287,9423
7288,9423
7289,9423
7290,9423
7291,9423
7292,9423
7293,9423
7294,9423
7295,9423
7296,9423
7297,9423
7298,9423
7299,9423
7300,9423
7301,9423
7302,9423
7303,9423
7304,9423
7305,9423
7306,9423
7307,9423
7308,9423
7309,9423
7310,9423
7311,9423
7312,9423
7313,9423
7314,9423
7315,9423
7316,9423
7317,9423
7318,9423
7319,9423
7320,9423
7321,9423
7322,9423
7323,9423
7324,9423
7325,9423
7326,9423
7327,9423
7328,9423
7329,9423
7330,9423
7331,9423
7332,9423
7333,9423
7334,9423
7335,9423
7336,9423
7337,9423
7338,9423
7339,9423
7340,9423
7341,9423
7342,9423
7343,9423
7344,9423
7345,9423
7346,9423
7347,9423
7348,9423
7349,9423
7350,9423
7351,9423
7352,9423
7353,9423
7354,9423
7355,9423
7356,9423
7357,9423
7358,9423
7359,9423
7360,9423
7361,9423
7362,9423
7363,9423
7364,9423
7365,9423
7366,9423
7367,9423
7368,9423
7369,9423
7370,9423
7371,9423
7372,9423
7373,9423
7374,9423
7375,9423
7376,9423
7377,9423
7378,9423
7379,9423
7380,9423
7381,9423
7382,9423
7383,9423
7384,9423
7385,9423
7386,9423
7387,9423
7388,9423
7389,9423
7390,9423
7391,9423
7392,9423
7393,9423
7394,9423
7395,9423
7396,9423
7397,9423
7398,9423
7399,9423
7400,9423
7401,9423
7402,9423
7403,9423
7404,9423
7405,9423
7406,9423
7407,9423
7408,9423
7409,9423
7410,9423
7411,9423
7412,9423
7413,9423
7414,9423
7415,9423
7416,9423
7417,9423
7418,9423
7419,9423
7420,9423
7421,9423
7422,9423
7423,9423
7424,9423
7425,9423
7426,9423
7427,9423
7428,9423
7429,9423
7430,9423
7431,9423
7432,9423
7433,9423
7434,9423
7435,9423
7436,9423
7437,9423
7438,9423
7439,9423
7440,9423
7441,9423
7442,9423
7443,9423
7444,9423
7445,9423
7446,9423
7447,9423
7448,9423
7449,9423
7450,9423
7451,9423
7452,9423
7453,9423
7454,9423
7455,9423
7456,9423
7457,9423
7458,9423
7459,9423
7460,9423
7461,9423
7462,9423
7463,9423
7464,9423
7465,9423
7466,9423
7467,9423
7468,9423
7469,9423
7470,9423
7471,9423
7472,9423
7473,9423
7474,9423
7475,9423
7476,9423
7477,9423
7478,9423
7479,9423
7480,9423
7481,9423
7482,9423
7483,9423
7484,9423
7485,9423
7486,9423
7487,9423
7488,9423
7489,9423
7490,9423
7491,9423
7492,9423
7493,9423
7494,9423
7495,9423
7496,9423
7497,9423
7498,9423
7499,9423
7500,9423
7501,9423
7502,9423
7503,9423
7504,9423
7505,9423
7506,9423
7507,9423
7508,9423
7509,9423
7510,9423
7511,9423
7512,9423
7513,9423
7514,9423
7515,9423
7516,9423
7517,9423
7518,9423
7519,9423
7520,9423
7521,9423
7522,9423
7523,9423
7524,9423
7525,9423
7526,9423
7527,9423
7528,9423
7529,9423
7530,9423
7531,9423
7532,9423
7533,9423
7534,9423
7535,9423
7536,9423
7537,9423
7538,9423
7539,9423
7540,9423
7541,9423
7542,9423
7543,9423
7544,9423
7545,9423
7546,9423
7547,9423
7548,9423
7549,9423
7550,9423
7551,9423
7552,9423
7553,9423
7554,9423
7555,9423
7556,9423
7557,9423
7558,9423
7559,9423
7560,9423
7561,9423
7562,9423
7563,9423
7564,9423
7565,9423
7566,9423
7567,9423
7568,9423
7569,9423
7570,9423
7571,9423
7572,9423
7573,9423
7574,9423
7575,9423
7576,9423
7577,9423
7578,9423
7579,9423
7580,9423
7581,9423
7582,9423
7583,9423
7584,9423
7585,9423
7586,9423
7587,9423
7588,9423
7589,9423
7590,9423
7591,9423
7592,9423
7593,9423
7594,9423
7595,9423
7596,9423
7597,9423
7598,9423
7599,9423
7600,9423
7601,9423
7602,9423
7603,9423
7604,9423
7605,9423
7606,9423
7607,9423
7608,9423
7609,9423
7610,9423
7611,9423
7612,9423
7613,9423
7614,9423
7615,9423
7616,9423
7617,9423
7618,9423
7619,9423
7620,9423
7621,9423
7622,9423
7623,9423
7624,9423
7625,9423
7626,9423
7627,9423
7628,9423
7629,9423
7630,9423
7631,9423
7632,9423
7633,9423
7634,9423
7635,9423
7636,9423
7637,9423
7638,9423
7639,9423
7640,9423
7641,9423
7642,9423
7643,9423
7644,9423
7645,9423
7646,9423
7647,9423
7648,9423
7649,9423
7650,9423
7651,9423
7652,9423
7653,9423
7654,9423
7655,9423
7656,9423
7657,9423
7658,9423
7659,9423
7660,9423
7661,9423
7662,9423
7663,9423
7664,9423
7665,9423
7666,9423
7667,9423
7668,9423
7669,9423
7670,9423
7671,9423
7672,9423
7673,9423
7674,9423
7675,9423
7676,9423
7677,9423
7678,9423
7679,9423
7680,9423
7681,9423
7682,9423
7683,9423
7684,9423
7685,9423
7686,9423
7687,9423
7688,9423
7689,9423
7690,9423
7691,9423
7692,9423
7693,9423
7694,9423
7695,9423
7696,9423
7697,9423
7698,9423
7699,9423
7700,9423
7701,9423
7702,9423
7703,9423
7704,9423
7705,9423
7706,9423
7707,9423
7708,9423
7709,9423
7710,9423
7711,9423
7712,9423
7713,9423
7714,9423
7715,9423
7716,9423
7717,9423
7718,9423
7719,9423
7720,9423
7721,9423
7722,9423
7723,9423
7724,9423
7725,9423
7726,9423
7727,9423
7728,9423
7729,9423
7730,9423
7731,9423
7732,9423
7733,9423
7734,9423
7735,9423
7736,9423
7737,9423
7738,9423
7739,9423
7740,9423
7741,9423
7742,9423
7743,9423
7744,9423
7745,9423
7746,9423
7747,9423
7748,9423
7749,9423
7750,9423
7751,9423
7752,9423
7753,9423
7754,9423
7755,9423
7756,9423
7757,9423
7758,9423
7759,9423
7760,9423
7761,9423
7762,9423
7763,9423
7764,9423
7765,9423
7766,9423
7767,9423
7768,9423
7769,9423
7770,9423
7771,9423
7772,9423
7773,9423
7774,9423
7775,9423
7776,9423
7777,9423
7778,9423
7779,9423
7780,9423
7781,9423
7782,9423
7783,9423
7784,9423
7785,9423
7786,9423
7787,9423
7788,9423
7789,9423
7790,9423
7791,9423
7792,9423
7793,9423
7794,9423
7795,9423
7796,9423
7797,9423
7798,9423
7799,9423
7800,9423
7801,9423
7802,9423
7803,9423
7804,9423
7805,9423
7806,9423
7807,9423
7808,9423
7809,9423
7810,9423
7811,9423
7812,9423
7813,9423
7814,9423
7815,9423
7816,9423
7817,9423
7818,9423
7819,9423
7820,9423
7821,9423
7822,9423
7823,9423
7824,9423
7825,9423
7826,9423
7827,9423
7828,9423
7829,9423
7830,9423
7831,9423
7832,9423
7833,9423
7834,9423
7835,9423
7836,9423
7837,9423
7838,9423
7839,9423
7840,9423
7841,9423
7842,9423
7843,9423
7844,9423
7845,9423
7846,9423
7847,9423
7848,9423
7849,9423
7850,9423
7851,9423
7852,9423
7853,9423
7854,9423
7855,9423
7856,9423
7857,9423
7858,9423
7859,9423
7860,9423
7861,9423
7862,9423
7863,9423
7864,9423
7865,9423
7866,9423
7867,9423
7868,9423
7869,9423
7870,9423
7871,9423
7872,9423
7873,9423
7874,9423
7875,9423
7876,9423
7877,9423
7878,9423
7879,9423
7880,9423
7881,9423
7882,9423
7883,9423
7884,9423
7885,9423
7886,9423
7887,9423
7888,9423
7889,9423
7890,9423
7891,9423
7892,9423
7893,9423
7894,9423
7895,9423
7896,9423
7897,9423
7898,9423
7899,9423
7900,9423
7901,9423
7902,9423
7903,9423
7904,9423
7905,9423
7906,9423
7907,9423
7908,9423
7909,9423
7910,9423
7911,9423
7912,9423
7913,9423
7914,9423
7915,9423
7916,9423
7917,9423
7918,9423
7919,9423
7920,9423
7921,9423
7922,9423
7923,9423
7924,9423
7925,9423
7926,9423
7927,9423
7928,9423
7929,9423
7930,9423
7931,9423
7932,9423
7933,9423
7934,9423
7935,9423
7936,9423
7937,9423
7938,9423
7939,9423
7940,9423
7941,9423
7942,9423
7943,9423
7944,9423
7945,9423
7946,9423
7947,9423
7948,9423
7949,9423
7950,9423
7951,9423
7952,9423
7953,9423
7954,9423
7955,9423
7956,9423
7957,9423
7958,9423
7959,9423
7960,9423
7961,9423
7962,9423
7963,9423
7964,9423
7965,9423
7966,9423
7967,9423
7968,9423
7969,9423
7970,9423
7971,9423
7972,9423
7973,9423
7974,9423
7975,9423
7976,9423
7977,9423
7978,9423
7979,9423
7980,9423
7981,9423
7982,9423
7983,9423
7984,9423
7985,9423
7986,9423
7987,9423
7988,9423
7989,9423
7990,9423
7991,9423
7992,9423
7993,9423
7994,9423
7995,9423
7996,9423
7997,9423
7998,9423
7999,9423
8000,9423
8001,9423
8002,9423
8003,9423
8004,9423
8005,9423
8006,9423
8007,9423
8008,9423
8009,9423
8010,9423
8011,9423
8012,9423
8013,9423
8014,9423
8015,9423
8016,9423
8017,9423
8018,9423
8019,9423
8020,9423
8021,9423
8022,9423
8023,9423
8024,9423
8025,9423
8026,9423
8027,9423
8028,9423
8029,9423
8030,9423
8031,9423
8032,9423
8033,9423
8034,9423
8035,9423
8036,9423
8037,9423
8038,9423
8039,9423
8040,9423
8041,9423
8042,9423
8043,9423
8044,9423
8045,9423
8046,9423
8047,9423
8048,9423
8049,9423
8050,9423
8051,9423
8052,9423
8053,9423
8054,9423
8055,9423
8056,9423
8057,9423
8058,9423
8059,9423
8060,9423
8061,9423
8062,9423
8063,9423
8064,9423
8065,9423
8066,9423
8067,9423
8068,9423
8069,9423
8070,9423
8071,9423
8072,9423
8073,9423
8074,9423
8075,9423
8076,9423
8077,9423
8078,9423
8079,9423
8080,9423
8081,9423
8082,9423
8083,9423
8084,9423
8085,9423
8086,9423
8087,9423
8088,9423
8089,9423
8090,9423
8091,9423
8092,9423
8093,9423
8094,9423
8095,9423
8096,9423
8097,9423
8098,9423
8099,9423
8100,9423
8101,9423
8102,9423
8103,9423
8104,9423
8105,9423
8106,9423
8107,9423
8108,9423
8109,9423
8110,9423
8111,9423
8112,9423
8113,9423
8114,9423
8115,9423
8116,9423
8117,9423
8118,9423
8119,9423
8120,9423
8121,9423
8122,9423
8123,9423
8124,9423
8125,9423
8126,9423
8127,9423
8128,9423
8129,9423
8130,9423
8131,9423
8132,9423
8133,9423
8134,9423
8135,9423
8136,9423
8137,9423
8138,9423
8139,9423
8140,9423
8141,9423
8142,9423
8143,9423
8144,9423
8145,9423
8146,9423
8147,9423
8148,9423
8149,9423
8150,9423
8151,9423
8152,9423
8153,9423
8154,9423
8155,9423
8156,9423
8157,9423
8158,9423
8159,9423
8160,9423
8161,9423
8162,9423
8163,9423
8164,9423
8165,9423
8166,9423
8167,9423
8168,9423
8169,9423
8170,9423
8171,9423
8172,9423
8173,9423
8174,9423
8175,9423
8176,9423
8177,9423
8178,9423
8179,9423
8180,9423
8181,9423
8182,9423
8183,9423
8184,9423
8185,9423
8186,9423
8187,9423
8188,9423
8189,9423
8190,9423
8191,9423
8192,9423
8193,9423
8194,9423
8195,9423
8196,9423
8197,9423
8198,9423
8199,9423
8200,9423
8201,9423
8202,9423
8203,9423
8204,9423
8205,9423
8206,9423
8207,9423
8208,9423
8209,9423
8210,9423
8211,9423
8212,9423
8213,9423
8214,9423
8215,9423
8216,9423
8217,9423
8218,9423
8219,9423
8220,9423
8221,9423
8222,9423
8223,9423
8224,9423
8225,9423
8226,9423
8227,9423
8228,9423
8229,9423
8230,9423
8231,9423
8232,9423
8233,9423
8234,9423
8235,9423
8236,9423
8237,9423
8238,9423
8239,9423
8240,9423
8241,9423
8242,9423
8243,9423
8244,9423
8245,9423
8246,9423
8247,9423
8248,9423
8249,9423
8250,9423
8251,9423
8252,9423
8253,9423
8254,9423
8255,9423
8256,9423
8257,9423
8258,9423
8259,9423
8260,9423
8261,9423
8262,9423
8263,9423
8264,9423
8265,9423
8266,9423
8267,9423
8268,9423
8269,9423
8270,9423
8271,9423
8272,9423
8273,9423
8274,9423
8275,9423
8276,9423
8277,9423
8278,9423
8279,9423
8280,9423
8281,9423
8282,9423
8283,9423
8284,9423
8285,9423
8286,9423
8287,9423
8288,9423
8289,9423
8290,9423
8291,9423
8292,9423
8293,9423
8294,9423
8295,9423
8296,9423
8297,9423
8298,9423
8299,9423
8300,9423
8301,9423
8302,9423
8303,9423
8304,9423
8305,9423
8306,9423
8307,9423
8308,9423
8309,9423
8310,9423
8311,9423
8312,9423
8313,9423
8314,9423
8315,9423
8316,9423
8317,9423
8318,9423
8319,9423
8320,9423
8321,9423
8322,9423
8323,9423
8324,9423
8325,9423
8326,9423
8327,9423
8328,9423
8329,9423
8330,9423
8331,9423
8332,9423
8333,9423
8334,9423
8335,9423
8336,9423
8337,9423
8338,9423
8339,9423
8340,9423
8341,9423
8342,9423
8343,9423
8344,9423
8345,9423
8346,9423
8347,9423
8348,9423
8349,9423
8350,9423
8351,9423
8352,9423
8353,9423
8354,9423
8355,9423
8356,9423
8357,9423
8358,9423
8359,9423
8360,9423
8361,9423
8362,9423
8363,9423
8364,9423
8365,9423
8366,9423
8367,9423
8368,9423
8369,9423
8370,9423
8371,9423
8372,9423
8373,9423
8374,9423
8375,9423
8376,9423
8377,9423
8378,9423
8379,9423
8380,9423
8381,9423
8382,9423
8383,9423
8384,9423
8385,9423
8386,9423
8387,9423
8388,9423
8389,9423
8390,9423
8391,9423
8392,9423
8393,9423
8394,9423
8395,9423
8396,9423
8397,9423
8398,9423
8399,9423
8400,9423
8401,9423
8402,9423
8403,9423
8404,9423
8405,9423
8406,9423
8407,9423
8408,9423
8409,9423
8410,9423
8411,9423
8412,9423
8413,9423
8414,9423
8415,9423
8416,9423
8417,9423
8418,9423
8419,9423
8420,9423
8421,9423
8422,9423
8423,9423
8424,9423
8425,9423
8426,9423
8427,9423
8428,9423
8429,9423
8430,9423
8431,9423
8432,9423
8433,9423
8434,9423
8435,9423
8436,9423
8437,9423
8438,9423
8439,9423
8440,9423
8441,9423
8442,9423
8443,9423
8444,9423
8445,9423
8446,9423
8447,9423
8448,9423
8449,9423
8450,9423
8451,9423
8452,9423
8453,9423
8454,9423
8455,9423
8456,9423
8457,9423
8458,9423
8459,9423
8460,9423
8461,9423
8462,9423
8463,9423
8464,9423
8465,9423
8466,9423
8467,9423
8468,9423
8469,9423
8470,9423
8471,9423
8472,9423
8473,9423
8474,9423
8475,9423
8476,9423
8477,9423
8478,9423
8479,9423
8480,9423
8481,9423
8482,9423
8483,9423
8484,9423
8485,9423
8486,9423
8487,9423
8488,9423
8489,9423
8490,9423
8491,9423
8492,9423
8493,9423
8494,9423
8495,9423
8496,9423
8497,9423
8498,9423
8499,9423
8500,9423
8501,9423
8502,9423
8503,9423
8504,9423
8505,9423
8506,9423
8507,9423
8508,9423
8509,9423
8510,9423
8511,9423
8512,9423
8513,9423
8514,9423
8515,9423
8516,9423
8517,9423
8518,9423
8519,9423
8520,9423
8521,9423
8522,9423
8523,9423
8524,9423
8525,9423
8526,9423
8527,9423
8528,9423
8529,9423
8530,9423
8531,9423
8532,9423
8533,9423
8534,9423
8535,9423
8536,9423
8537,9423
8538,9423
8539,9423
8540,9423
8541,9423
8542,9423
8543,9423
8544,9423
8545,9423
8546,9423
8547,9423
8548,9423
8549,9423
8550,9423
8551,9423
8552,9423
8553,9423
8554,9423
8555,9423
8556,9423
8557,9423
8558,9423
8559,9423
8560,9423
8561,9423
8562,9423
8563,9423
8564,9423
8565,9423
8566,9423
8567,9423
8568,9423
8569,9423
8570,9423
8571,9423
8572,9423
8573,9423
8574,9423
8575,9423
8576,9423
8577,9423
8578,9423
8579,9423
8580,9423
8581,9423
8582,9423
8583,9423
8584,9423
8585,9423
8586,9423
8587,9423
8588,9423
8589,9423
8590,9423
8591,9423
8592,9423
8593,9423
8594,9423
8595,9423
8596,9423
8597,9423
8598,9423
8599,9423
8600,9423
8601,9423
8602,9423
8603,9423
8604,9423
8605,9423
8606,9423
8607,9423
8608,9423
8609,9423
8610,9423
8611,9423
8612,9423
8613,9423
8614,9423
8615,9423
8616,9423
8617,9423
8618,9423
8619,9423
8620,9423
8621,9423
8622,9423
8623,9423
8624,9423
8625,9423
8626,9423
8627,9423
8628,9423
8629,9423
8630,9423
8631,9423
8632,9423
8633,9423
8634,9423
8635,9423
8636,9423
8637,9423
8638,9423
8639,9423
8640,9423
8641,9423
8642,9423
8643,9423
8644,9423
8645,9423
8646,9423
8647,9423
8648,9423
8649,9423
8650,9423
8651,9423
8652,9423
8653,9423
8654,9423
8655,9423
8656,9423
8657,9423
8658,9423
8659,9423
8660,9423
8661,9423
8662,9423
8663,9423
8664,9423
8665,9423
8666,9423
8667,9423
8668,9423
8669,9423
8670,9423
8671,9423
8672,9423
8673,9423
8674,9423
8675,9423
8676,9423
8677,9423
8678,9423
8679,9423
8680,9423
8681,9423
8682,9423
8683,9423
8684,9423
8685,9423
8686,9423
8687,9423
8688,9423
8689,9423
8690,9423
8691,9423
8692,9423
8693,9423
8694,9423
8695,9423
8696,9423
8697,9423
8698,9423
8699,9423
8700,9423
8701,9423
8702,9423
8703,9423
8704,9423
8705,9423
8706,9423
8707,9423
8708,9423
8709,9423
8710,9423
8711,9423
8712,9423
8713,9423
8714,9423
8715,9423
8716,9423
8717,9423
8718,9423
8719,9423
8720,9423
8721,9423
8722,9423
8723,9423
8724,9423
8725,9423
8726,9423
8727,9423
8728,9423
8729,9423
8730,9423
8731,9423
8732,9423
8733,9423
8734,9423
8735,9423
8736,9423
8737,9423
8738,9423
8739,9423
8740,9423
8741,9423
8742,9423
8743,9423
8744,9423
8745,9423
8746,9423
8747,9423
8748,9423
8749,9423
8750,9423
8751,9423
8752,9423
8753,9423
8754,9423
8755,9423
8756,9423
8757,9423
8758,9423
8759,9423
8760,9423
8761,9423
8762,9423
8763,9423
8764,9423
8765,9423
8766,9423
8767,9423
8768,9423
8769,9423
8770,9423
8771,9423
8772,9423
8773,9423
8774,9423
8775,9423
8776,9423
8777,9423
8778,9423
8779,9423
8780,9423
8781,9423
8782,9423
8783,9423
8784,9423
8785,9423
8786,9423
8787,9423
8788,9423
8789,9423
8790,9423
8791,9423
8792,9423
8793,9423
8794,9423
8795,9423
8796,9423
8797,9423
8798,9423
8799,9423
8800,9423
8801,9423
8802,9423
8803,9423
8804,9423
8805,9423
8806,9423
8807,9423
8808,9423
8809,9423
8810,9423
8811,9423
8812,9423
8813,9423
8814,9423
8815,9423
8816,9423
8817,9423
8818,9423
8819,9423
8820,9423
8821,9423
8822,9423
8823,9423
8824,9423
8825,9423
8826,9423
8827,9423
8828,9423
8829,9423
8830,9423
8831,9423
8832,9423
8833,9423
8834,9423
8835,9423
8836,9423
8837,9423
8838,9423
8839,9423
8840,9423
8841,9423
8842,9423
8843,9423
8844,9423
8845,9423
8846,9423
8847,9423
8848,9423
8849,9423
8850,9423
8851,9423
8852,9423
8853,9423
8854,9423
8855,9423
8856,9423
8857,9423
8858,9423
8859,9423
8860,9423
8861,9423
8862,9423
8863,9423
8864,9423
8865,9423
8866,9423
8867,9423
8868,9423
8869,9423
8870,9423
8871,9423
8872,9423
8873,9423
8874,9423
8875,9423
8876,9423
8877,9423
8878,9423
8879,9423
8880,9423
8881,9423
8882,9423
8883,9423
8884,9423
8885,9423
8886,9423
8887,9423
8888,9423
8889,9423
8890,9423
8891,9423
8892,9423
8893,9423
8894,9423
8895,9423
8896,9423
8897,9423
8898,9423
8899,9423
8900,9423
8901,9423
8902,9423
8903,9423
8904,9423
8905,9423
8906,9423
8907,9423
8908,9423
8909,9423
8910,9423
8911,9423
8912,9423
8913,9423
8914,9423
8915,9423
8916,9423
8917,9423
8918,9423
8919,9423
8920,9423
8921,9423
8922,9423
8923,9423
8924,9423
8925,9423
8926,9423
8927,9423
8928,9423
8929,9423
8930,9423
8931,9423
8932,9423
8933,9423
8934,9423
8935,9423
8936,9423
8937,9423
8938,9423
8939,9423
8940,9423
8941,9423
8942,9423
8943,9423
8944,9423
8945,9423
8946,9423
8947,9423
8948,9423
8949,9423
8950,9423
8951,9423
8952,9423
8953,9423
8954,9423
8955,9423
8956,9423
8957,9423
8958,9423
8959,9423
8960,9423
8961,9423
8962,9423
8963,9423
8964,9423
8965,9423
8966,9423
8967,9423
8968,9423
8969,9423
8970,9423
8971,9423
8972,9423
8973,9423
8974,9423
8975,9423
8976,9423
8977,9423
8978,9423
8979,9423
8980,9423
8981,9423
8982,9423
8983,9423
8984,9423
8985,9423
8986,9423
8987,9423
8988,9423
8989,9423
8990,9423
8991,9423
8992,9423
8993,9423
8994,9423
8995,9423
8996,9423
8997,9423
8998,9423
8999,9423
9000,9423
9001,9423
9002,9423
9003,9423
9004,9423
9005,9423
9006,9423
9007,9423
9008,9423
9009,9423
9010,9423
9011,9423
9012,9423
9013,9423
9014,9423
9015,9423
9016,9423
9017,9423
9018,9423
9019,9423
9020,9423
9021,9423
9022,9423
9023,9423
9024,9423
9025,9423
9026,9423
9027,9423
9028,9423
9029,9423
9030,9423
9031,9423
9032,9423
9033,9423
9034,9423
9035,9423
9036,9423
9037,9423
9038,9423
9039,9423
9040,9423
9041,9423
9042,9423
9043,9423
9044,9423
9045,9423
9046,9423
9047,9423
9048,9423
9049,9423
9050,9423
9051,9423
9052,9423
9053,9423
9054,9423
9055,9423
9056,9423
9057,9423
9058,9423
9059,9423
9060,9423
9061,9423
9062,9423
9063,9423
9064,9423
9065,9423
9066,9423
9067,9423
9068,9423
9069,9423
9070,9423
9071,9423
9072,9423
9073,9423
9074,9423
9075,9423
9076,9423
9077,9423
9078,9423
9079,9423
9080,9423
9081,9423
9082,9423
9083,9423
9084,9423
9085,9423
9086,9423
9087,9423
9088,9423
9089,9423
9090,9423
9091,9423
9092,9423
9093,9423
9094,9423
9095,9423
9096,9423
9097,9423
9098,9423
9099,9423
9100,9423
9101,9423
9102,9423
9103,9423
9104,9423
9105,9423
9106,9423
9107,9423
9108,9423
9109,9423
9110,9423
9111,9423
9112,9423
9113,9423
9114,9423
9115,9423
9116,9423
9117,9423
9118,9423
9119,9423
9120,9423
9121,9423
9122,9423
9123,9423
9124,9423
9125,9423
9126,9423
9127,9423
9128,9423
9129,9423
9130,9423
9131,9423
9132,9423
9133,9423
9134,9423
9135,9423
9136,9423
9137,9423
9138,9423
9139,9423
9140,9423
9141,9423
9142,9423
9143,9423
9144,9423
9145,9423
9146,9423
9147,9423
9148,9423
9149,9423
9150,9423
9151,9423
9152,9423
9153,9423
9154,9423
9155,9423
9156,9423
9157,9423
9158,9423
9159,9423
9160,9423
9161,9423
9162,9423
9163,9423
9164,9423
9165,9423
9166,9423
9167,9423
9168,9423
9169,9423
9170,9423
9171,9423
9172,9423
9173,9423
9174,9423
9175,9423
9176,9423
9177,9423
9178,9423
9179,9423
9180,9423
9181,9423
9182,9423
9183,9423
9184,9423
9185,9423
9186,9423
9187,9423
9188,9423
9189,9423
9190,9423
9191,9423
9192,9423
9193,9423
9194,9423
9195,9423
9196,9423
9197,9423
9198,9423
9199,9423
9200,9423
9201,9423
9202,9423
9203,9423
9204,9423
9205,9423
9206,9423
9207,9423
9208,9423
9209,9423
9210,9423
9211,9423
9212,9423
9213,9423
9214,9423
9215,9423
9216,9423
9217,9423
9218,9423
9219,9423
9220,9423
9221,9423
9222,9423
9223,9423
9224,9423
9225,9423
9226,9423
9227,9423
9228,9423
9229,9423
9230,9423
9231,9423
9232,9423
9233,9423
9234,9423
9235,9423
9236,9423
9237,9423
9238,9423
9239,9423
9240,9423
9241,9423
9242,9423
9243,9423
9244,9423
9245,9423
9246,9423
9247,9423
9248,9423
9249,9423
9250,9423
9251,9423
9252,9423
9253,9423
9254,9423
9255,9423
9256,9423
9257,9423
9258,9423
9259,9423
9260,9423
9261,9423
9262,9423
9263,9423
9264,9423
9265,9423
9266,9423
9267,9423
9268,9423
9269,9423
9270,9423
9271,9423
9272,9423
9273,9423
9274,9423
9275,9423
9276,9423
9277,9423
9278,9423
9279,9423
9280,9423
9281,9423
9282,9423
9283,9423
9284,9423
9285,9423
9286,9423
9287,9423
9288,9423
9289,9423
9290,9423
9291,9423
9292,9423
9293,9423
9294,9423
9295,9423
9296,9423
9297,9423
9298,9423
9299,9423
9300,9423
9301,9423
9302,9423
9303,9423
9304,9423
9305,9423
9306,9423
9307,9423
9308,9423
9309,9423
9310,9423
9311,9423
9312,9423
9313,9423
9314,9423
9315,9423
9316,9423
9317,9423
9318,9423
9319,9423
9320,9423
9321,9423
9322,9423
9323,9423
9324,9423
9325,9423
9326,9423
9327,9423
9328,9423
9329,9423
9330,9423
9331,9423
9332,9423
9333,9423
9334,9423
9335,9423
9336,9423
9337,9423
9338,9423
9339,9423
9340,9423
9341,9423
9342,9423
9343,9423
9344,9423
9345,9423
9346,9423
9347,9423
9348,9423
9349,9423
9350,9423
9351,9423
9352,9423
9353,9423
9354,9423
9355,9423
9356,9423
9357,9423
9358,9423
9359,9423
9360,9423
9361,9423
9362,9423
9363,9423
9364,9423
9365,9423
9366,9423
9367,9423
9368,9423
9369,9423
9370,9423
9371,9423
9372,9423
9373,9423
9374,9423
9375,9423
9376,9423
9377,9423
9378,9423
9379,9423
9380,9423
9381,9423
9382,9423
9383,9423
9384,9423
9385,9423
9386,9423
9387,9423
9388,9423
9389,9423
9390,9423
9391,9423
9392,9423
9393,9423
9394,9423
9395,9423
9396,9423
9397,9423
9398,9423
9399,9423
9400,9423
9401,9423
9402,9423
9403,9423
9404,9423
9405,9423
9406,9423
9407,9423
9408,9423
9409,9423
9410,9423
9411,9423
9412,9423
9413,9423
9414,9423
9415,9423
9416,9423
9417,9423
9418,9423
9419,9423
9420,9423
9421,9423
9422,9423
9423,9423
9424,9423
9425,9423
9426,9423
9427,9423
9428,9423
9429,9423
9430,9423
9431,9423
9432,9423
9433,9423
9434,9423
9435,9423
9436,9423
9437,9423
9438,9423
9439,9423
9440,9423
9441,9423
9442,9423
9443,9423
9444,9423
9445,9423
9446,9423
9447,9423
9448,9423
9449,9423
9450,9423
9451,9423
9452,9423
9453,9423
9454,9423
9455,9423
9456,9423
9457,9423
9458,9423
9459,9423
9460,9423
9461,9423
9462,9423
9463,9423
9464,9423
9465,9423
9466,9423
9467,9423
9468,9423
9469,9423
9470,9423
9471,9423
9472,9423
9473,9423
9474,9423
9475,9423
9476,9423
9477,9423
9478,9423
9479,9423
9480,9423
9481,9423
9482,9423
9483,9423
9484,9423
9485,9423
9486,9423
9487,9423
9488,9423
9489,9423
9490,9423
9491,9423
9492,9423
9493,9423
9494,9423
9495,9423
9496,9423
9497,9423
9498,9423
9499,9423
9500,9423
9501,9423
9502,9423
9503,9423
9504,9423
9505,9423
9506,9423
9507,9423
9508,9423
9509,9423
9510,9423
9511,9423
9512,9423
9513,9423
9514,9423
9515,9423
9516,9423
9517,9423
9518,9423
9519,9423
9520,9423
9521,9423
9522,9423
9523,9423
9524,9423
9525,9423
9526,9423
9527,9423
9528,9423
9529,9423
9530,9423
9531,9423
9532,9423
9533,9423
9534,9423
9535,9423
9536,9423
9537,9423
9538,9423
9539,9423
9540,9423
9541,9423
9542,9423
9543,9423
9544,9423
9545,9423
9546,9423
9547,9423
9548,9423
9549,9423
9550,9423
9551,9423
9552,9423
9553,9423
9554,9423
9555,9423
9556,9423
9557,9423
9558,9423
9559,9423
9560,9423
9561,9423
9562,9423
9563,9423
9564,9423
9565,9423
9566,9423
9567,9423
9568,9423
9569,9423
9570,9423
9571,9423
9572,9423
9573,9423
9574,9423
9575,9423
9576,9423
9577,9423
9578,9423
9579,9423
9580,9423
9581,9423
9582,9423
9583,9423
9584,9423
9585,9423
9586,9423
9587,9423
9588,9423
9589,9423
9590,9423
9591,9423
9592,9423
9593,9423
9594,9423
9595,9423
9596,9423
9597,9423
9598,9423
9599,9423
9600,9423
9601,9423
9602,9423
9603,9423
9604,9423
9605,9423
9606,9423
9607,9423
9608,9423
9609,9423
9610,9423
9611,9423
9612,9423
9613,9423
9614,9423
9615,9423
9616,9423
9617,9423
9618,9423
9619,9423
9620,9423
9621,9423
9622,9423
9623,9423
9624,9423
9625,9423
9626,9423
9627,9423
9628,9423
9629,9423
9630,9423
9631,9423
9632,9423
9633,9423
9634,9423
9635,9423
9636,9423
9637,9423
9638,9423
9639,9423
9640,9423
9641,9423
9642,9423
9643,9423
9644,9423
9645,9423
9646,9423
9647,9423
9648,9423
9649,9423
9650,9423
9651,9423
9652,9423
9653,9423
9654,9423
9655,9423
9656,9423
9657,9423
9658,9423
9659,9423
9660,9423
9661,9423
9662,9423
9663,9423
9664,9423
9665,9423
9666,9423
9667,9423
9668,9423
9669,9423
9670,9423
9671,9423
9672,9423
9673,9423
9674,9423
9675,9423
9676,9423
9677,9423
9678,9423
9679,9423
9680,9423
9681,9423
9682,9423
9683,9423
9684,9423
9685,9423
9686,9423
9687,9423
9688,9423
9689,9423
9690,9423
9691,9423
9692,9423
9693,9423
9694,9423
9695,9423
9696,9423
9697,9423
9698,9423
9699,9423
9700,9423
9701,9423
9702,9423
9703,9423
9704,9423
9705,9423
9706,9423
9707,9423
9708,9423
9709,9423
9710,9423
9711,9423
9712,9423
9713,9423
9714,9423
9715,9423
9716,9423
9717,9423
9718,9423
9719,9423
9720,9423
9721,9423
9722,9423
9723,9423
9724,9423
9725,9423
9726,9423
9727,9423
9728,9423
9729,9423
9730,9423
9731,9423
9732,9423
9733,9423
9734,9423
9735,9423
9736,9423
9737,9423
9738,9423
9739,9423
9740,9423
9741,9423
9742,9423
9743,9423
9744,9423
9745,9423
9746,9423
9747,9423
9748,9423
9749,9423
9750,9423
9751,9423
9752,9423
9753,9423
9754,9423
9755,9423
9756,9423
9757,9423
9758,9423
9759,9423
9760,9423
9761,9423
9762,9423
9763,9423
9764,9423
9765,9423
9766,9423
9767,9423
9768,9423
9769,9423
9770,9423
9771,9423
9772,9423
9773,9423
9774,9423
9775,9423
9776,9423
9777,9423
9778,9423
9779,9423
9780,9423
9781,9423
9782,9423
9783,9423
9784,9423
9785,9423
9786,9423
9787,9423
9788,9423
9789,9423
9790,9423
9791,9423
9792,9423
9793,9423
9794,9423
9795,9423
9796,9423
9797,9423
9798,9423
9799,9423
9800,9423
9801,9423
9802,9423
9803,9423
9804,9423
9805,9423
9806,9423
9807,9423
9808,9423
9809,9423
9810,9423
9811,9423
9812,9423
9813,9423
9814,9423
9815,9423
9816,9423
9817,9423
9818,9423
9819,9423
9820,9423
9821,9423
9822,9423
9823,9423
9824,9423
9825,9423
9826,9423
9827,9423
9828,9423
9829,9423
9830,9423
9831,9423
9832,9423
9833,9423
9834,9423
9835,9423
9836,9423
9837,9423
9838,9423
9839,9423
9840,9423
9841,9423
9842,9423
9843,9423
9844,9423
9845,9423
9846,9423
9847,9423
9848,9423
9849,9423
9850,9423
9851,9423
9852,9423
9853,9423
9854,9423
9855,9423
9856,9423
9857,9423
9858,9423
9859,9423
9860,9423
9861,9423
9862,9423
9863,9423
9864,9423
9865,9423
9866,9423
9867,9423
9868,9423
9869,9423
9870,9423
9871,9423
9872,9423
9873,9423
9874,9423
9875,9423
9876,9423
9877,9423
9878,9423
9879,9423
9880,9423
9881,9423
9882,9423
9883,9423
9884,9423
9885,9423
9886,9423
9887,9423
9888,9423
9889,9423
9890,9423
9891,9423
9892,9423
9893,9423
9894,9423
9895,9423
9896,9423
9897,9423
9898,9423
9899,9423
9900,9423
9901,9423
9902,9423
9903,9423
9904,9423
9905,9423
9906,9423
9907,9423
9908,9423
9909,9423
9910,9423
9911,9423
9912,9423
9913,9423
9914,9423
9915,9423
9916,9423
9917,9423
9918,9423
9919,9423
9920,9423
9921,9423
9922,9423
9923,9423
9924,9423
9925,9423
9926,9423
9927,9423
9928,9423
9929,9423
9930,9423
9931,9423
9932,9423
9933,9423
9934,9423
9935,9423
9936,9423
9937,9423
9938,9423
9939,9423
9940,9423
9941,9423
9942,9423
9943,9423
9944,9423
9945,9423
9946,9423
9947,9423
9948,9423
9949,9423
9950,9423
9951,9423
9952,9423
9953,9423
9954,9423
9955,9423
9956,9423
9957,9423
9958,9423
9959,9423
9960,9423
9961,9423
9962,9423
9963,9423
9964,9423
9965,9423
9966,9423
9967,9423
9968,9423
9969,9423
9970,9423
9971,9423
9972,9423
9973,9423
9974,9423
9975,9423
9976,9423
9977,9423
9978,9423
9979,9423
9980,9423
9981,9423
9982,9423
9983,9423
9984,9423
9985,9423
9986,9423
9987,9423
9988,9423
9989,9423
9990,9423
9991,9423
9992,9423
9993,9423
9994,9423
9995,9423
9996,9423
9997,9423
9998,9423
9999,9423
